Id,DateCreated,DateModified,MerchantId,MerchantAvatar,MerchantCampaignName,Name,Description,TargetUrl,Code,StartDate,EndDate
286234,38:04.7,38:22.9,88314,https://c.cfjump.com/Avatars/95fbec9f-d9c9-48ec-b18c-bd0b2e85f3a6.png,A Life Plus,FREE SHIPPING,free shipping over $50 within Australia,https://t.cfjump.com/90610/c/286234,CFFREESHIPPING,00:00.0,
286235,41:46.7,41:46.7,88314,https://c.cfjump.com/Avatars/95fbec9f-d9c9-48ec-b18c-bd0b2e85f3a6.png,A Life Plus,3 DAY KETO MEAL,"$78 Deal, 6 Keto Meals for Only $78/per Week PLUS FREE SHIPPING",https://t.cfjump.com/90610/c/286235,CF3DAYKETOMEAL,00:00.0,
286236,42:35.0,42:35.0,88314,https://c.cfjump.com/Avatars/95fbec9f-d9c9-48ec-b18c-bd0b2e85f3a6.png,A Life Plus,5 DAY KETO MEAL PLAN,"$130 Deal, 10 Keto Meals for Only $130/per Week PLUS FREE SHIPPING",https://t.cfjump.com/90610/c/286236,CF5DAYKETOMEAL,00:00.0,
286237,43:35.3,43:35.3,88314,https://c.cfjump.com/Avatars/95fbec9f-d9c9-48ec-b18c-bd0b2e85f3a6.png,A Life Plus,7 DAY KETO MEAL PLAN,"$182 Deal, 14 Keto Meals for Only $182/per Week PLUS FREE SHIPPING",https://t.cfjump.com/90610/c/286237,CF7DAYKETOMEAL,00:00.0,
286238,44:19.4,44:19.4,88314,https://c.cfjump.com/Avatars/95fbec9f-d9c9-48ec-b18c-bd0b2e85f3a6.png,A Life Plus,900 CALORIE MEAL PLAN,"10% OFF + FREE SHIPPING, Get 10% OFF in our 28 Days 900 Calories Meal Plan includes 56 Effective Weight Loss Meals plus 12 Snacks",https://t.cfjump.com/90610/c/286238,CF900CAL10OFF,00:00.0,
286239,45:14.0,45:14.0,88314,https://c.cfjump.com/Avatars/95fbec9f-d9c9-48ec-b18c-bd0b2e85f3a6.png,A Life Plus,1200 IF Meal Plan,"$97 OFF + FREE SHIPPING, 28 Days 1200 Calories Fit Weight Loss Meals includes 56 meals plus 30 Snacks",https://t.cfjump.com/90610/c/286239,CFCIF1200OFF,00:00.0,
288174,26:51.1,32:50.9,62977,https://c.cfjump.com/Avatars/408e07c3-b8c4-4e63-982a-5e6f39dfea4d.png,Adulttoymegastore,10% off Sitewide,,https://t.cfjump.com/90610/c/288174,CFSAVE10AU,00:00.0,59:59.0
292755,36:06.3,36:06.3,62977,https://c.cfjump.com/Avatars/408e07c3-b8c4-4e63-982a-5e6f39dfea4d.png,Adulttoymegastore,Xhale Exclusive Coupon,"10% off sitewide, excluding gift cards and reduced to clear items.",https://t.cfjump.com/90610/c/292755,XHALE10,00:00.0,59:59.0
279030,58:22.3,58:22.3,87838,https://c.cfjump.com/Avatars/a7267e51-7474-479d-8823-8c9286f9006b.png,Advwin,$10 OFF FIRST ORDER,"Minimum spend $100 
Not to be used with any other offer",https://t.cfjump.com/90610/c/279030,WELCOME10,00:00.0,
279707,36:36.5,41:23.1,87838,https://c.cfjump.com/Avatars/a7267e51-7474-479d-8823-8c9286f9006b.png,Advwin,Buy $500 Save $30 OFF,"Minimum spend $500
Not to be used with any other offer",https://t.cfjump.com/90610/c/279707,CF30,00:00.0,
279708,49:32.2,49:32.2,87838,https://c.cfjump.com/Avatars/a7267e51-7474-479d-8823-8c9286f9006b.png,Advwin,Buy $200 Save $10 OFF,"Minimum spend $200
Not to be used with any other offer",https://t.cfjump.com/90610/c/279708,CF10,00:00.0,
279727,33:27.3,34:15.4,87838,https://c.cfjump.com/Avatars/a7267e51-7474-479d-8823-8c9286f9006b.png,Advwin,Mattress 50% OFF,Discount only for this mattress>>> https://www.advwin.com.au/collections/clearance-mattress-save-50-off,https://t.cfjump.com/90610/c/279727,MAT,00:00.0,
286761,03:31.1,03:31.1,60960,https://c.cfjump.com/Avatars/09c37b07-8254-47d8-99df-c2f7aeddcc9d.png,Aster & Oak,15% OFF YOUR NEXT ORDER - STOREWIDE!,Can not be combined with any other discounts or codes.,https://t.cfjump.com/90610/c/286761,CF15,00:00.0,
213592,00:55.1,51:00.0,49527,https://c.cfjump.com/Avatars/03d064d6-1776-4e4e-8ee0-a1043c0a6c8e.png,Babycentral Australia,Welcome code,Promotion codes cannot be used in conjunction with any other offer. Promotion codes do not apply to sale items. You can still use promotion codes if you have a mixture of sale items and regularly priced items in your basket but the terms and conditions of a promotion code do not include sale items in the minimum spend or % off.,https://t.cfjump.com/90610/c/213592,WELCOME10,00:00.0,
218373,44:33.4,39:25.7,81244,https://c.cfjump.com/Avatars/b95393df-c321-4706-9e5f-82946da2d8e5.png,Bargain Avenue,$10.00 off entire order,"TYPE AND METHOD
Amount off order
Code ""CFG10""
DETAILS
$10.00 off entire order
Minimum purchase of $99.00
No usage limits
Can’t combine with other discounts
Active from today until 31 Dec 2024",https://t.cfjump.com/90610/c/218373,CFG10,00:00.0,
287401,58:11.0,58:11.0,81244,https://c.cfjump.com/Avatars/b95393df-c321-4706-9e5f-82946da2d8e5.png,Bargain Avenue,$10.00 off entire order (MUNCH),"TYPE AND METHOD
Amount off order
Code ""MUNCH""
DETAILS
$10.00 off entire order
Minimum purchase of $99.00
No usage limits
Can’t combine with other discounts",https://t.cfjump.com/90610/c/287401,MUNCH,00:00.0,
287838,17:05.4,17:05.4,81244,https://c.cfjump.com/Avatars/b95393df-c321-4706-9e5f-82946da2d8e5.png,Bargain Avenue,$10.00 off entire order (TWS10),"TYPE AND METHOD
Amount off order
Code ""TWS10""
DETAILS
$10.00 off entire order
Minimum purchase of $99.00
No usage limits
Can’t combine with other discounts",https://t.cfjump.com/90610/c/287838,TWS10,00:00.0,
287839,19:14.8,19:14.8,81244,https://c.cfjump.com/Avatars/b95393df-c321-4706-9e5f-82946da2d8e5.png,Bargain Avenue,$10.00 off entire order (KS10),"TYPE AND METHOD
Amount off order
Code ""KS10""
DETAILS
$10.00 off entire order
Minimum purchase of $99.00
No usage limits
Can’t combine with other discounts",https://t.cfjump.com/90610/c/287839,KS10,00:00.0,
294649,49:34.2,50:26.8,81244,https://c.cfjump.com/Avatars/b95393df-c321-4706-9e5f-82946da2d8e5.png,Bargain Avenue,$10.00 off entire order,"TYPE AND METHOD
Amount off order
Code ""BARGAIN10""
DETAILS
$10.00 off entire order
Minimum purchase of $99.00
No usage limits
Can’t combine with other discounts",https://t.cfjump.com/90610/c/294649,BARGAIN10,00:00.0,
287922,26:45.4,13:46.4,84266,https://c.cfjump.com/Avatars/f8260d1f-aa51-48d9-9265-5e6f54a6d328.png,Beauty Affairs,$10 Off Entire Order over $100,"- $10 off one-time purchase products
- minimum purchase AUD $100
- one use per customer",https://t.cfjump.com/90610/c/287922,BEAUTY849,00:00.0,
288570,45:39.4,45:39.4,84266,https://c.cfjump.com/Avatars/f8260d1f-aa51-48d9-9265-5e6f54a6d328.png,Beauty Affairs,25% Olaplex & Steamstyler Kit,"For Online Store
25% off Steam Styler & Olaplex Hair Perfector No. 3 Kit
Applies to one-time purchases
No minimum purchase requirement
All customers
No usage limits
Can’t combine with other discounts
Active from 12 Jul 2022",https://t.cfjump.com/90610/c/288570,Olaplex25,00:00.0,
288571,58:20.4,11:31.0,84266,https://c.cfjump.com/Avatars/f8260d1f-aa51-48d9-9265-5e6f54a6d328.png,Beauty Affairs,$10 Off Entire Order Over $150,"For Online Store
$10 off entire order
Applies to one-time purchases
Minimum purchase of $150.00
All customers
No usage limits
Can’t combine with other discounts
Active from 12 Jul 2022",https://t.cfjump.com/90610/c/288571,SIMPLY10,00:00.0,
288572,59:28.0,12:12.7,84266,https://c.cfjump.com/Avatars/f8260d1f-aa51-48d9-9265-5e6f54a6d328.png,Beauty Affairs,$10 Off Entire Order Over $200,"For Online Store
$10 off entire order
Applies to one-time purchases
Minimum purchase of $200.00
All customers
No usage limits
Can’t combine with other discounts
Active from 13 May 2022",https://t.cfjump.com/90610/c/288572,HONEY10,00:00.0,
293033,14:56.5,07:55.9,83335,https://c.cfjump.com/Avatars/170cbf92-ef7a-434a-957b-0de64cec9b64.png,Beauty Amora AU,18% OFF for : medicube - Age-R Booster Pro - 154g.,Use Code [AFFMEC] to enjoy extra 18% OFF for medicube - Age-R Booster Pro - 154g.,https://t.cfjump.com/90610/c/293033,AFFMEC,00:00.0,
293038,39:03.6,05:43.6,83335,https://c.cfjump.com/Avatars/170cbf92-ef7a-434a-957b-0de64cec9b64.png,Beauty Amora AU,New members exclusive offer - 15% OFF no min. spend,Use code [BUFIRST] to enjoy 15% OFF no min. spend on your first shopping,https://t.cfjump.com/90610/c/293038,BUFIRST,00:00.0,
295395,20:18.3,20:18.3,83335,https://c.cfjump.com/Avatars/170cbf92-ef7a-434a-957b-0de64cec9b64.png,Beauty Amora AU,"Order $59+ with ANY Moisturizer or Cream, Get 15% OFF!",Use Code [AFWS1] to get 15% OFF on orders $59+ with ANY Moisturizer or Cream items. ,https://t.cfjump.com/90610/c/295395,AFWS1,00:00.0,59:59.0
295448,00:29.7,00:29.7,83335,https://c.cfjump.com/Avatars/170cbf92-ef7a-434a-957b-0de64cec9b64.png,Beauty Amora AU,Afterpay Day - 13% OFF no min. spend ; 15% OFF & free DOUBLE gifts on $59+,"Use code [AFATPD] to enjoy 13% OFF with no min. order value and 15% OFF with DOUBLE free gifts on orders $59+.
Free Gift 1: SKIN1004 - Madagascar Centella Tea-Trica Spot Cover Patch - 22patches
Free Gift 2 : Purito SEOUL - Wonder Releaf Centella Serum Unscented - 15ml",https://t.cfjump.com/90610/c/295448,AFATPD,00:00.0,59:59.0
295396,22:14.4,22:14.4,83335,https://c.cfjump.com/Avatars/170cbf92-ef7a-434a-957b-0de64cec9b64.png,Beauty Amora AU,12% OFF no min. spend + 15% OFF & Free Serum on orders $79+,"Use code [AFDEAL] to enjoy 12% OFF with no minimum spending & 15% OFF with Free Gift
Purito SEOUL - Wonder Releaf Centella Serum Unscented - 15ml on orders $79+.",https://t.cfjump.com/90610/c/295396,AFDEAL,00:00.0,59:59.0
295398,03:25.3,03:25.3,83335,https://c.cfjump.com/Avatars/170cbf92-ef7a-434a-957b-0de64cec9b64.png,Beauty Amora AU,"18% OFF for selected brands (ANUA, Beauty Of Joeson, Dr. Althea, Medicube, Purito SEOUL, Round Lab, Shiseido, SKIN1004) and 13% OFF for other items ","Use code [AFAUG] to enjoy 18% OFF for selected brands: ANUA, Beauty Of Joeson, Dr. Althea, Medicube, Purito SEOUL, Round Lab, Shiseido, SKIN1004 and 13% off for other items. ",https://t.cfjump.com/90610/c/295398,AFAUG,00:00.0,59:59.0
295399,12:48.6,12:48.6,83335,https://c.cfjump.com/Avatars/170cbf92-ef7a-434a-957b-0de64cec9b64.png,Beauty Amora AU,Extra 15% OFF for Sunscreen items,Use code [AFSUN15] to enjoy Extra 15% OFF for Sunscreen items. ,https://t.cfjump.com/90610/c/295399,AFSUN15,00:00.0,59:59.0
218349,52:59.7,52:59.7,80589,https://c.cfjump.com/Avatars/8524bb56-1922-44be-85d0-db558b1042cd.png,Bedzy,VIPBEDZY (Exclusive to CF),"- Available on online sales channels
- 5% off entire order
- No minimum purchase requirement
- No usage limits
",https://t.cfjump.com/90610/c/218349,VIPBEDZY,00:00.0,
293433,02:30.9,02:30.9,90285,https://c.cfjump.com/Avatars/9d43d810-ad2e-4399-a2c1-4a7c76fd00c6.png,Best Restaurants NZ,Get 10% off your first purchase,valid for use once per customer,https://t.cfjump.com/90610/c/293433,GREATTASTE10,00:00.0,
293435,26:01.8,26:01.8,90286,https://c.cfjump.com/Avatars/94fd73aa-ce05-4fee-917e-68c47afa5bd6.png,Best Wellness,get 10% off your first purchase,Only valid once per user,https://t.cfjump.com/90610/c/293435,WELCOME10,00:00.0,
273752,12:18.9,38:00.4,81438,https://c.cfjump.com/Avatars/73c2652d-8a77-46a1-83d2-f98349e36627.png,Bevilles Jewellers,Affiliate Customers,"Minimum spend of $100, Excludes Click and Collect Orders",https://t.cfjump.com/90610/c/273752,AFFILIATE,00:00.0,
288601,43:28.3,05:32.6,90254,https://c.cfjump.com/Avatars/3cd93739-c5e1-442c-9b47-c8c0ab145405.png,BLUETTI AU,5% OFF for EP760 and its bundles,Use this promo code to get 5% off on EP760 and its bundle packs.,https://t.cfjump.com/90610/c/288601,AFEP760,00:00.0,
288603,44:51.8,05:18.6,90254,https://c.cfjump.com/Avatars/3cd93739-c5e1-442c-9b47-c8c0ab145405.png,BLUETTI AU,5% OFF for AC200L and its bundles,Use this promo code to get 5% off on AC200L and its bundles,https://t.cfjump.com/90610/c/288603,AFAC200L,00:00.0,
288604,45:35.6,05:10.0,90254,https://c.cfjump.com/Avatars/3cd93739-c5e1-442c-9b47-c8c0ab145405.png,BLUETTI AU,5% OFF for AC180 and its bundles,Use this promo code to get 5% off on AC180 and its bundles,https://t.cfjump.com/90610/c/288604,AFAC180,00:00.0,
289897,22:28.5,22:28.5,90254,https://c.cfjump.com/Avatars/3cd93739-c5e1-442c-9b47-c8c0ab145405.png,BLUETTI AU,10% OFF for BLUETTI New Release: X20,,https://t.cfjump.com/90610/c/289897,AFFX20,00:00.0,
295030,56:05.2,56:05.2,90254,https://c.cfjump.com/Avatars/3cd93739-c5e1-442c-9b47-c8c0ab145405.png,BLUETTI AU,5% off for Elite 100 V2 and Elite 30 V2 series,,https://t.cfjump.com/90610/c/295030,ELITE5OFF,00:00.0,
295428,30:31.0,30:31.0,90254,https://c.cfjump.com/Avatars/3cd93739-c5e1-442c-9b47-c8c0ab145405.png,BLUETTI AU,Early Bird Deal: 10% off for Apex 300 and its bundles,,https://t.cfjump.com/90610/c/295428,APEXAFF10,00:00.0,59:59.0
292951,02:20.5,03:39.5,91289,https://c.cfjump.com/Avatars/629c27f2-d406-438b-8fd0-ac89016c3b45.png,Chief Nutrition,Free Shipping First Order,One use per customer,https://t.cfjump.com/90610/c/292951,FR33SHIP,00:00.0,
292952,03:12.1,03:12.1,91289,https://c.cfjump.com/Avatars/629c27f2-d406-438b-8fd0-ac89016c3b45.png,Chief Nutrition,10% Off Your First Order,One use per customer,https://t.cfjump.com/90610/c/292952,WELCOME10,00:00.0,
274677,18:38.7,18:38.7,85028,https://c.cfjump.com/Avatars/56a81cce-5386-423c-ae6e-7c5ce9a994f9.png,CircleDNA,25% Off CircleDNA Premium for New Customers,,https://t.cfjump.com/90610/c/274677,WELCOME25,00:00.0,
295433,49:30.3,49:30.3,85028,https://c.cfjump.com/Avatars/56a81cce-5386-423c-ae6e-7c5ce9a994f9.png,CircleDNA,8.8 Sale,"Tier 1: Premium Kit with code CIRCLE88-1
• Buy 1: 50% OFF 

Global except SG and KR",https://t.cfjump.com/90610/c/295433,CIRCLE88-1,00:00.0,59:59.0
295434,50:00.2,50:00.2,85028,https://c.cfjump.com/Avatars/56a81cce-5386-423c-ae6e-7c5ce9a994f9.png,CircleDNA,8.8 Sale,"Tier 2: Premium Kit with code CIRCLE88-2
• Buy 1: 40% OFF
• Buy 2: 50% OFF
• Buy 3 or more: 53% OFF
• Buy 8 or more: 55% OFF

Global except SG and KR",https://t.cfjump.com/90610/c/295434,CIRCLE88-2,00:00.0,59:59.0
295435,50:47.7,50:47.7,85028,https://c.cfjump.com/Avatars/56a81cce-5386-423c-ae6e-7c5ce9a994f9.png,CircleDNA,Singapore National Day Sale,"Tier 1: Premium Kit with code SGBDAY25-1
• Buy 1: 50% OFF 

Only in Singapore",https://t.cfjump.com/90610/c/295435,SGBDAY25-1,00:00.0,59:59.0
295436,52:07.0,52:07.0,85028,https://c.cfjump.com/Avatars/56a81cce-5386-423c-ae6e-7c5ce9a994f9.png,CircleDNA,Singapore National Day Sale,"Tier 2: Premium Kit with code SGBDAY25-2
• Buy 1: 40% OFF
• Buy 2: 50% OFF
• Buy 3 or more: 53% OFF
• Buy 8 or more: 55% OFF

Only in Singapore",https://t.cfjump.com/90610/c/295436,SGBDAY25-2,00:00.0,59:59.0
295437,52:43.9,52:43.9,85028,https://c.cfjump.com/Avatars/56a81cce-5386-423c-ae6e-7c5ce9a994f9.png,CircleDNA,World Senior’s Day  ,"BUY MORE SAVE MORE: Premium Kit with code FOREVERYOUNG

Buy 1: 47% OFF
Buy 3: 50% OFF
Buy 5 or more: 53% OFF",https://t.cfjump.com/90610/c/295437,FOREVERYOUNG,00:00.0,59:59.0
295438,53:23.4,53:23.4,85028,https://c.cfjump.com/Avatars/56a81cce-5386-423c-ae6e-7c5ce9a994f9.png,CircleDNA,Workplace Wellness Week,"Tier 1: Premium Kit with code WorkplaceWellness-1
• Buy 1: 50% OFF 

Global except KR and MY",https://t.cfjump.com/90610/c/295438,WorkplaceWellness-1,00:00.0,59:59.0
295439,53:48.8,53:48.8,85028,https://c.cfjump.com/Avatars/56a81cce-5386-423c-ae6e-7c5ce9a994f9.png,CircleDNA,Workplace Wellness Week,"Tier 2: Premium Kit with code WorkplaceWellness-2
• Buy 1: 40% OFF
• Buy 2: 50% OFF
• Buy 3 or more: 53% OFF
• Buy 8 or more: 55% OFF

Global except KR and MY",https://t.cfjump.com/90610/c/295439,WorkplaceWellness-2,00:00.0,59:59.0
292968,00:19.7,27:48.3,91278,https://c.cfjump.com/Avatars/d8287a00-758a-470f-ac41-c7867b52b9e0.png,Cracked Soda,10% off your first order,"- For Online Store Only. 
- 10% off entire order. 
- No minimum purchase requirement. 
- For New Customers Only. 
- One use per customer.
- Combines with shipping discounts.",https://t.cfjump.com/90610/c/292968,CF10,00:00.0,
292969,03:44.4,28:15.7,91278,https://c.cfjump.com/Avatars/d8287a00-758a-470f-ac41-c7867b52b9e0.png,Cracked Soda,10% off your order,"-For Online Store Use Only.
-10% off entire order. 
- No minimum purchase requirement. 
- All customers (New and Existing). 
- One use per customer. 
- Combines with shipping discounts",https://t.cfjump.com/90610/c/292969,CRACKEDSODA10,00:00.0,
292970,11:22.4,28:45.1,91278,https://c.cfjump.com/Avatars/d8287a00-758a-470f-ac41-c7867b52b9e0.png,Cracked Soda,Free shipping for your first order,"- For Online Store Only. 
- For Australian Orders Only. 
- Applies to shipping rates under $15.00. 
- Minimum purchase of $99.98. 
- Only New Customers.
- One use per customer. 
- Can’t combine with other discounts",https://t.cfjump.com/90610/c/292970,FREE100,00:00.0,
214284,59:55.1,59:55.1,77472,https://c.cfjump.com/Avatars/d0ae8b2d-f785-4693-862d-a56108db13dd.png,Dope Skin Co,Welcome Offer - 1st Order,One Use per customer,https://t.cfjump.com/90610/c/214284,DOPECLUB10,00:00.0,
288304,07:55.4,07:55.4,77472,https://c.cfjump.com/Avatars/d0ae8b2d-f785-4693-862d-a56108db13dd.png,Dope Skin Co,New Customers - Get 20% off,,https://t.cfjump.com/90610/c/288304,Welcome20,00:00.0,
288500,36:31.6,36:31.6,72806,https://c.cfjump.com/Avatars/b695840f-bba2-4512-b0b5-2c9d8f4aad8d.png,Ecoriginals,20% off Ecoriginals Nappies & Wipes,"Use code FIRST20 for 20% off your first Ecoriginals purchase of nappies or wipes! Applies to any one-time, full price Ecoriginals nappies or wipes. Applies to your first Ecoriginals purchase only. Does not apply to pre-discounted bundles or subscription products. Does not work in conjunction with any other promotions. Cannot be applied in retrospect. Subject to change.",https://t.cfjump.com/90610/c/288500,FIRST20,00:00.0,
288989,12:51.9,12:51.9,72806,https://c.cfjump.com/Avatars/b695840f-bba2-4512-b0b5-2c9d8f4aad8d.png,Ecoriginals,50% off Ecoriginals Nappies & Wipes Subscription ,Enjoy 50% off the RRP of your Ecoriginals Nappies or Wipes subscription. Applies to your first subscription order only. Use code SUB50. Applies once per customer. Offer subject to change.,https://t.cfjump.com/90610/c/288989,SUB50,00:00.0,
288990,14:01.7,14:01.7,72806,https://c.cfjump.com/Avatars/b695840f-bba2-4512-b0b5-2c9d8f4aad8d.png,Ecoriginals,30% off Ecoriginals Nappies & Wipes,Enjoy 30% off the RRP of your Ecoriginals Nappies or Wipes subscription. Applies to your first subscription order only. Use code WELCOME. Applies once per customer. Offer subject to change.,https://t.cfjump.com/90610/c/288990,WELCOME,00:00.0,
214615,55:18.6,55:18.6,66951,https://c.cfjump.com/Avatars/2fe3306c-2bf3-42d8-b6a3-da537d208f8b.png,Ergobaby,KANGA ADELAIDE HILLS,,https://t.cfjump.com/90610/c/214615,KANGAADELAIDEHILLS,00:00.0,
215877,53:49.0,53:49.0,80712,https://c.cfjump.com/Avatars/f2f4fa82-48d4-42be-a89e-bef948f24b65.png,Ezmio,Introductory 10% coupon for first time / new customer,,https://t.cfjump.com/90610/c/215877,HELLO10,00:00.0,
293600,39:40.8,39:40.8,9371,https://c.cfjump.com/Avatars/2680877e-fd2b-4d10-9df3-0bc925d2d560.png,Get Wines Direct,$40 Off Your First Order ,"This promotion will run from 25.03.2025 until midnight (11:59pm) 30/12/2025.

 This promotion can not be used in conjunction with any other promotions or loyalty discounts. 

One-time use per customer Can be used on First Time Orders Only.. 

 Failure to add promotional code 4NCCF23 at checkout will result in regular pricesat checkout ",https://t.cfjump.com/90610/c/293600,4NCCF23,00:00.0,59:59.0
288240,47:54.8,47:54.8,89534,https://c.cfjump.com/Avatars/bc02e577-694a-4a4a-945b-9904e60c6b2b.png,GiftBox,$5 OFF SWIG Insulated Drinkware,"$5 off all SWIG insulated drinkware when you spend $39 or more, not valid with any other offer.",https://t.cfjump.com/90610/c/288240,SWIG$5,00:00.0,
288241,50:16.9,50:16.9,89534,https://c.cfjump.com/Avatars/bc02e577-694a-4a4a-945b-9904e60c6b2b.png,GiftBox,$5 OFF Lava Lamps,"$5 off all lava lamps when you spend $39 or more, not valid with any other offer. ",https://t.cfjump.com/90610/c/288241,LAVA$5,00:00.0,
288242,52:09.1,52:09.1,89534,https://c.cfjump.com/Avatars/bc02e577-694a-4a4a-945b-9904e60c6b2b.png,GiftBox,$5 Off Candles,"$5 off all candles when you spend $39 or more, not valid with any other offer.",https://t.cfjump.com/90610/c/288242,CANDLE$5,00:00.0,
288243,54:32.1,54:32.1,89534,https://c.cfjump.com/Avatars/bc02e577-694a-4a4a-945b-9904e60c6b2b.png,GiftBox,$5 Off Blanket Hoodies,"$5 off all blanket hoodies when you spend $39 or more, not valid with any other offer.",https://t.cfjump.com/90610/c/288243,BLANKET$5,00:00.0,
288244,55:59.2,55:59.2,89534,https://c.cfjump.com/Avatars/bc02e577-694a-4a4a-945b-9904e60c6b2b.png,GiftBox,$5 Off Speakers,"$5 off all speakers when you spend $39 or more, not valid with any other offer. ",https://t.cfjump.com/90610/c/288244,SPEAKER$5,00:00.0,
274576,40:11.0,40:37.3,85205,https://c.cfjump.com/Avatars/4b4fb6c4-cdba-41f6-9928-f41b83ad938b.png,Green Gadgets,Special Offer,Minimum purchase amount $300,https://t.cfjump.com/90610/c/274576,20FORYOU,00:00.0,
219553,56:29.3,56:46.8,82081,https://c.cfjump.com/Avatars/ed0225fc-f481-4458-9168-32f005088a0f.png,Gym Plus Australia,$15 OFF FIRST ORDER,"First time customer only.
Discount available on purchases over $100.",https://t.cfjump.com/90610/c/219553,WELCOME15,00:00.0,
288994,34:54.6,34:36.2,90516,https://c.cfjump.com/Avatars/2d823298-da45-49e5-ad65-4961cc121ea8.png,Happy Mammoth,15% off entire order,"15% off entire order
Applies to one-time purchases
No minimum purchase requirement",https://t.cfjump.com/90610/c/288994,WELCOME15 ,00:00.0,
288708,28:35.1,53:45.4,90385,https://c.cfjump.com/Avatars/24ceb276-66b0-4a93-b884-e55b255c33d6.png,HTVRONT,Sitewide 6% off Discount Code,,https://t.cfjump.com/90610/c/288708,AUAFF6,00:00.0,
288709,29:57.3,53:23.2,90385,https://c.cfjump.com/Avatars/24ceb276-66b0-4a93-b884-e55b255c33d6.png,HTVRONT,Sitewide $10 off $69,,https://t.cfjump.com/90610/c/288709,AUAFF10,00:00.0,
288710,31:07.8,53:33.7,90385,https://c.cfjump.com/Avatars/24ceb276-66b0-4a93-b884-e55b255c33d6.png,HTVRONT,Sitewide $15 off $129,,https://t.cfjump.com/90610/c/288710,AUAFF15,00:00.0,
288711,33:47.8,53:53.2,90385,https://c.cfjump.com/Avatars/24ceb276-66b0-4a93-b884-e55b255c33d6.png,HTVRONT,Sitewide code $20 off $169,,https://t.cfjump.com/90610/c/288711,AUAFF20,00:00.0,
291728,49:19.9,49:19.9,90385,https://c.cfjump.com/Avatars/24ceb276-66b0-4a93-b884-e55b255c33d6.png,HTVRONT,20% off for vinyl materials,,https://t.cfjump.com/90610/c/291728,AFFM20,00:00.0,
293952,33:22.5,33:22.5,90385,https://c.cfjump.com/Avatars/24ceb276-66b0-4a93-b884-e55b255c33d6.png,HTVRONT,Extra $40 Off on Auto Heat Press 2,,https://t.cfjump.com/90610/c/293952,A40,00:00.0,59:59.0
287069,50:53.5,50:53.5,74056,https://c.cfjump.com/Avatars/da33861d-2970-40db-84ad-f659d8692993.png,INTERSPORT Australia,$20 Off Your Second Purchase,Sign up today and receive $20 off your second purchase. Minimum Spend of $150. Limit 1 per customer. ,https://t.cfjump.com/90610/c/287069,CLUB-WELCOME-22,00:00.0,
66080,50:44.6,54:03.1,63713,https://c.cfjump.com/Avatars/f7420f4f-f177-431e-a809-d78a1b643bd7.png,Just Wines,$10 Off "Grab10"- Minimum spend $149,"- Use code GRAB10 at checkout to receive $10 off your order.
- Offer valid with a minimum spend of $149 (excluding shipping fees)
- Cannot be combined with any other discount codes or promotions.
- Offer valid for a limited time only and may be withdrawn or amended without notice.
- Discount applies to product value only and does not include taxes or shipping.
- If items are returned and the order total falls below the minimum spend requirement, the discount will be void and the refund amount will be adjusted accordingly.
- Offer valid only on eligible purchases made through our official website.",https://t.cfjump.com/90610/c/66080,Grab10,00:00.0,
66081,17:38.9,53:46.1,63713,https://c.cfjump.com/Avatars/f7420f4f-f177-431e-a809-d78a1b643bd7.png,Just Wines,$20 Off - Minimum spend $249,"- Use code GRAB20 at checkout to receive $20 off your order.
- Offer valid with a minimum spend of $249 (excluding shipping fees)
- Cannot be combined with any other discount codes or promotions.
- Offer valid for a limited time only and may be withdrawn or amended without notice.
- Discount applies to product value only and does not include taxes or shipping.
- If items are returned and the order total falls below the minimum spend requirement, the discount will be void and the refund amount will be adjusted accordingly.
- Offer valid only on eligible purchases made through our official website.",https://t.cfjump.com/90610/c/66081,Grab20,00:00.0,
276781,57:13.3,01:42.8,63713,https://c.cfjump.com/Avatars/f7420f4f-f177-431e-a809-d78a1b643bd7.png,Just Wines,Get $20 Off your First Order,"- Enjoy $20 OFF your first order
- Valid on orders over $99
- Use code: FIRST20 at checkout
- Add your favourite products to your cart
- Discount applies instantly on eligible orders
- New customers only
- Limited-time offer – shop now!",https://t.cfjump.com/90610/c/276781,FIRST20,00:00.0,
288458,09:21.4,33:57.5,90042,https://c.cfjump.com/Avatars/816a0eb1-9ebe-4f18-8bc9-d8ca05f7cc5a.png,Kakadu Plum Co.,Extra 10% Off ,"- One time use only
- Promotion does not apply to hampers and already discounted products and bundles",https://t.cfjump.com/90610/c/288458,WELCOME10,00:00.0,
294906,45:20.2,45:20.2,90042,https://c.cfjump.com/Avatars/816a0eb1-9ebe-4f18-8bc9-d8ca05f7cc5a.png,Kakadu Plum Co.,FREE tote bag with orders over $50,T&Cs apply,https://t.cfjump.com/90610/c/294906,TOTE,00:00.0,
292422,11:05.6,18:24.7,88124,https://c.cfjump.com/Avatars/936f3b65-93ee-44bc-ad0a-f7de78eaa3ab.png,Liquor Loot,10% OFF on first order,"Get 10% OFF on your first order
*New customers only. Not valid with any other offer. Valid on bottles & packs only.

",https://t.cfjump.com/90610/c/292422,CHEERS,00:00.0,
6683,40:16.5,57:14.6,11771,https://c.cfjump.com/Avatars/ba5e59c4-6db7-4fc7-b17f-76d7ac8aeeef.png,LivingStyles.com.au,$15 Off,"$15 Off Orders Over $150 (cannot be used in conjunction with other coupons or promotions, single use only)",https://t.cfjump.com/90610/c/6683,LSNMR-B15-C1311,00:00.0,
291330,21:53.7,21:53.7,81261,https://c.cfjump.com/Avatars/9a687a7e-d0cb-4369-8027-d8b907ebd04d.png,Manchester Factory,$10 Off Your First Order,FIRST TIME CUSTOMERS ONLY. APPLIES TO ORDERS OVER $150. EXCLUDES OUTLET/SALE ITEMS.,https://t.cfjump.com/90610/c/291330,MFSUMMER,00:00.0,
279796,44:23.6,44:23.6,87670,https://c.cfjump.com/Avatars/e206a9eb-d46a-46b4-b8c3-ef0e026b785a.png,Melrose Health,10% Off Your First Melrose Health Order,,https://t.cfjump.com/90610/c/279796,MELROSE10,00:00.0,
215874,55:34.0,54:01.6,66710,https://c.cfjump.com/Avatars/80ec9278-0bfa-4c35-bc7a-1372e97a54af.png,Mizuno,OUTLET SALE - EXTRA 10% OFF,"TERMS & CONDITIONS: *Mizuno Outlet Sale applies to selected footwear and apparel outlet items discounted up to 60% off. An additional 10% discount using code TAKE10 will be applicable starting Monday 15th August 2022 9:00AM AEST to already reduced items only, this offer is redeemed via a coupon through the checkout process and cannot be combined with any other codes or coupons. It is solely the responsibility of the purchaser to apply the code in checkout and no refunds or exchanges will be offered in the case the coupon is not applied. This offer is only available on the mizuno.com.au online store and is not available in-store or via any other retailers or Mizuno distributors. Offer cannot be used in conjunction with any other offers, discounts or promotional codes. The Mizuno Outlet Sale commences Tuesday 26th July 2022 9AM (AEDT) and ends Sunday 21st August 2022 at 11.59pm (AEDT). Stock is strictly limited and some items and sizes may not be available. All Outlet products are labelled FINAL SALE are not eligible for return or exchange, unless deemed faulty. Mizuno Australia only delivers to locations Australia wide.",https://t.cfjump.com/90610/c/215874,TAKE10,00:00.0,
98388,17:27.3,55:37.0,69853,https://c.cfjump.com/Avatars/c5275f6a-731c-4271-976d-3e3f76d16365.png,Muscle Nation,10% off,,https://t.cfjump.com/90610/c/98388,MNCF10,00:00.0,
98389,17:38.3,10:20.7,69853,https://c.cfjump.com/Avatars/c5275f6a-731c-4271-976d-3e3f76d16365.png,Muscle Nation,10% off,,https://t.cfjump.com/90610/c/98389,MNSAVE10,00:00.0,
98399,23:42.3,10:27.8,69853,https://c.cfjump.com/Avatars/c5275f6a-731c-4271-976d-3e3f76d16365.png,Muscle Nation,10% off,,https://t.cfjump.com/90610/c/98399,MNWT10,00:00.0,
98527,04:20.9,10:36.0,69853,https://c.cfjump.com/Avatars/c5275f6a-731c-4271-976d-3e3f76d16365.png,Muscle Nation,10% off,,https://t.cfjump.com/90610/c/98527,TENOFF,00:00.0,
213551,14:54.1,03:20.6,69853,https://c.cfjump.com/Avatars/c5275f6a-731c-4271-976d-3e3f76d16365.png,Muscle Nation,5% Off Storewide ,"-Storewide and ongoing
-See website for full T&C",https://t.cfjump.com/90610/c/213551,PUSH5,00:00.0,
287754,00:23.5,00:23.5,69088,https://c.cfjump.com/Avatars/0b9096f3-89a6-4721-a4a4-e27349fb378e.png,My Muscle Chef,Spend at least $99 and get $15 off,Offer for returning customers. T&Cs apply,https://t.cfjump.com/90610/c/287754,AFFILIATE15,00:00.0,
288498,41:58.3,41:58.3,69088,https://c.cfjump.com/Avatars/0b9096f3-89a6-4721-a4a4-e27349fb378e.png,My Muscle Chef,Save up to $120 on your first 6 orders,Save up to $120 on your first 6 orders ($20 maximum discount per order). Minimum order $99. T&Cs apply. Full terms & conditions online.,https://t.cfjump.com/90610/c/288498,save120,00:00.0,
290583,09:31.6,09:31.6,69088,https://c.cfjump.com/Avatars/0b9096f3-89a6-4721-a4a4-e27349fb378e.png,My Muscle Chef,Save up to $120 on your first 6 orders,T&Cs apply,https://t.cfjump.com/90610/c/290583,CF120 ,00:00.0,
290584,09:53.5,09:53.5,69088,https://c.cfjump.com/Avatars/0b9096f3-89a6-4721-a4a4-e27349fb378e.png,My Muscle Chef,Save up to $120 on your first 6 orders,T&Cs apply,https://t.cfjump.com/90610/c/290584,BENEFIT120,00:00.0,
290585,10:15.8,10:15.8,69088,https://c.cfjump.com/Avatars/0b9096f3-89a6-4721-a4a4-e27349fb378e.png,My Muscle Chef,Save up to $120 on your first 6 orders,T&Cs apply,https://t.cfjump.com/90610/c/290585,AFFILIATE120,00:00.0,
291086,34:13.8,34:13.8,69088,https://c.cfjump.com/Avatars/0b9096f3-89a6-4721-a4a4-e27349fb378e.png,My Muscle Chef,Save up to $120 on your first 6 orders,,https://t.cfjump.com/90610/c/291086,XHALE120,00:00.0,
220030,23:01.2,23:01.2,81538,https://c.cfjump.com/Avatars/61435fd4-4eb6-4fd0-8d55-e7338f28bd97.png,Natural Life,NMN 20% OFF,,https://t.cfjump.com/90610/c/220030,NLNMN20,00:00.0,
287070,44:57.3,44:57.3,81538,https://c.cfjump.com/Avatars/61435fd4-4eb6-4fd0-8d55-e7338f28bd97.png,Natural Life,"Wildbee Products. Take 20% Off Our Natural, Australian Made Skincare Range. ",No Minimum Order Spend,https://t.cfjump.com/90610/c/287070,WILDBEE20,00:00.0,
287204,09:14.2,06:15.5,81538,https://c.cfjump.com/Avatars/61435fd4-4eb6-4fd0-8d55-e7338f28bd97.png,Natural Life,Shop Now To Receive 15% Off Our Entire Natural Supplement Range. ,No Minimum Order Requirements. ,https://t.cfjump.com/90610/c/287204,NATURALLIFE15,00:00.0,
287205,14:54.2,06:05.8,81538,https://c.cfjump.com/Avatars/61435fd4-4eb6-4fd0-8d55-e7338f28bd97.png,Natural Life,"Spend $100 AUD and receive 20% Off Your Order With code NL20	",Minimum Spend $100. ,https://t.cfjump.com/90610/c/287205,NL20,00:00.0,
287206,15:10.5,06:28.5,81538,https://c.cfjump.com/Avatars/61435fd4-4eb6-4fd0-8d55-e7338f28bd97.png,Natural Life,"Spend $200 AUD Or More & Receive 25% Off Your Order With Code NL25.	",Minimum Spend $200.,https://t.cfjump.com/90610/c/287206,NL25,00:00.0,
287207,22:42.3,22:42.3,81538,https://c.cfjump.com/Avatars/61435fd4-4eb6-4fd0-8d55-e7338f28bd97.png,Natural Life,"Spend Over $200 AUD On Our Wildbee Natural Skincare Range and receive 25% Off Your Order with Code WB25.	",Minimum Spend $200,https://t.cfjump.com/90610/c/287207,WB25,00:00.0,
288697,00:48.5,00:48.5,81538,https://c.cfjump.com/Avatars/61435fd4-4eb6-4fd0-8d55-e7338f28bd97.png,Natural Life,30% Off Our NMN 1500+ Supplement. ,"No Minimum Order Spend
Eligible On Only Our NMN 1500+ Supplement",https://t.cfjump.com/90610/c/288697,NMN30,00:00.0,
288756,53:56.6,53:56.6,81538,https://c.cfjump.com/Avatars/61435fd4-4eb6-4fd0-8d55-e7338f28bd97.png,Natural Life,Natural Life 20% Off Storewide ,"20% off storewide
No minimum order spend",https://t.cfjump.com/90610/c/288756,NATURALLIFE,00:00.0,
219304,01:35.0,01:35.0,81833,https://c.cfjump.com/Avatars/8fe22e19-a5f6-45e7-a820-2abdc366ff38.png,Newentor Australia,cf10extra,This discount code lets you pay 10% less on the whole order value. It applies to all products in the store.,https://t.cfjump.com/90610/c/219304,cf10extra,00:00.0,
279747,36:38.0,36:55.4,80878,https://c.cfjump.com/Avatars/6fe49003-8eac-47a0-99f7-afc75b2cb87e.png,NNE Living,5% off Storewide,,https://t.cfjump.com/90610/c/279747,97XZJ8VMMNV0,00:00.0,
295389,05:02.2,05:02.2,10778,https://c.cfjump.com/Avatars/d18a9d9d-ad4c-4fef-ab07-17c40acb56aa.png,Nourished Life,Save 10% Off Sitewide ,"Can't be used with other promo codes, limited time only. ",https://t.cfjump.com/90610/c/295389,AFTERPAY10,00:00.0,59:59.0
278728,15:49.2,15:49.2,80527,https://c.cfjump.com/Avatars/fea43cbe-083e-4890-9d14-16e2c6cbfaa9.png,Peak Chocolate,Rest Chocolate 15% off,,https://t.cfjump.com/90610/c/278728,REST15,00:00.0,
288152,46:55.3,57:13.8,89536,https://c.cfjump.com/Avatars/f10604f3-11b2-4339-99f1-0f84415577d4.png,Pet Circle Insurance,2 Months Free Pet Insurance,,https://t.cfjump.com/90610/c/288152,PCI2FREE,00:00.0,59:59.0
45101,15:00.6,00:47.0,36113,https://c.cfjump.com/Avatars/bf35da74-55ab-4afa-9b4c-69a612c02764.png,Quiksilver,Spend $50 or more on full priced items and save $10,,https://t.cfjump.com/90610/c/45101,CASHBACK10,00:00.0,
115022,30:39.8,30:39.8,36113,https://c.cfjump.com/Avatars/bf35da74-55ab-4afa-9b4c-69a612c02764.png,Quiksilver,2 Tees for $50*,"Terms and Conditions
*Applies to selected styles only. Promo code QUIKTEES must be entered at the time of checkout to redeem. Not valid for use in conjunction with any other discounts, offers or promotions. Other exclusions may apply - please contact customer service for details. We reserve the right to exclude any other product and/or remove all promotions at any given time. Information and prices subject to change.

https://www.quiksilver.com.au/customer-service-payment-promotional-coupons-and-codes.html",https://t.cfjump.com/90610/c/115022,QUIKTEES,00:00.0,
288794,20:03.2,30:46.5,90402,https://c.cfjump.com/Avatars/e3fadee0-4359-4568-97f6-78cbb8c40b5c.png,RC & Co,New Affiliates - 5% Off,"- Valid on full prices only
- Can be used in conjunction with other codes",https://t.cfjump.com/90610/c/288794,Welcome5,00:00.0,
290873,24:58.3,21:35.4,89920,https://c.cfjump.com/Avatars/3313740b-67bf-4562-a381-5556c6770e04.png,Ride Electric,Xhale $30 OFF,,https://t.cfjump.com/90610/c/290873,XHALE30,00:00.0,
218559,05:07.6,05:07.6,36117,https://c.cfjump.com/Avatars/6a553f3d-0883-433e-80f6-10688a51ce3a.png,Roxy,Offer - Beach Blanket,"Receive a free beach blanket when you spend $150 use code BEACHBLANKET.  Excludes sale.

Use promo code: BEACHBLANKET

Terms and Conditions
*Valid online only until product URJHM03005 is sold out. Promo code BEACHBLANKET must be applied before the order is completed. Offer available on orders over $150 or more. Excludes gift cards. Not valid for use in conjunction with any other discount, offer or promotion. Other exclusions may apply. We reserve the right to exclude any product and/or remove all promotions at any given time. Information and prices subject to change.

In the instance you return any items from your order, you must also return the promotional item. If the promotional item is not sent back, your return will not be processed. The promotional item must be returned in an unused, unworn and undamaged condition (including all tags, labels and retail packaging).",https://t.cfjump.com/90610/c/218559,BEACHBLANKET,00:00.0,
278997,53:57.3,59:43.2,87438,https://c.cfjump.com/Avatars/18d7f88b-ce81-4cb8-bf5a-b1218397a87d.png,SA1NT,WELCOME COUPON,Coupon is available on full price styles only,https://t.cfjump.com/90610/c/278997,WELCOME10,00:00.0,
294909,51:35.8,39:02.2,70388,https://c.cfjump.com/Avatars/c48b9beb-66eb-4fe8-9dff-0802516466a7.png,SANS DRINKS,10% OFF Your First Order,"Enjoy 10% OFF Your First Order
Add your favourite products to your cart, apply the code WELCOME10 at checkout, and receive an instant 10% discount on your first purchase.
Happy shopping!",https://t.cfjump.com/90610/c/294909,Welcome10,00:00.0,
111757,25:53.6,53:40.7,66206,https://c.cfjump.com/Avatars/9e090bb4-6c38-44e3-8d31-c0b7369fb65c.png,sass & bide,Enjoy 10% off your first full price online order when you create an account.,,https://t.cfjump.com/90610/c/111757,SBWC10XV,00:00.0,
287352,16:39.3,16:39.3,82179,https://c.cfjump.com/Avatars/d69a4bbd-8678-4fd9-8ef3-27fd99435218.png,Shopnova,coupon for affiliate,,https://t.cfjump.com/90610/c/287352,AF20,00:00.0,
292582,03:40.1,03:40.1,62171,https://c.cfjump.com/Avatars/6c411b4d-6cd6-49f1-8050-64d156c8f6b0.png,Sleep Republic,5% OFF all Purchases from Sleep Republic,,https://t.cfjump.com/90610/c/292582,EXTRA5,00:00.0,
213333,01:43.2,01:43.2,47628,https://c.cfjump.com/Avatars/969fa113-ef24-4750-ab54-75dc1adc3fa9.png,Speedo,10% off your first order,,https://t.cfjump.com/90610/c/213333,WELCOME10,00:00.0,
286943,01:49.7,01:49.7,88803,https://c.cfjump.com/Avatars/ab3617d5-95c0-4a0c-b0f4-a26b98779665.png,Stefan Hair Fashions,$10 OFF First Order,Minimum spend $50. Not in conjunction with any offer. Online only. Limited to one use per customer. First orders/new customers only. ,https://t.cfjump.com/90610/c/286943,WELCOME10,00:00.0,
295449,22:37.1,22:37.1,90036,https://c.cfjump.com/Avatars/4b18bd93-f41f-45c5-b205-56897eec30a7.png,Stylevana,New Member 20% off,Enjoy 20% off on your first order on NZ$65+,https://t.cfjump.com/90610/c/295449,AFFMEMBER20,00:00.0,
295453,21:18.0,54:00.3,90036,https://c.cfjump.com/Avatars/4b18bd93-f41f-45c5-b205-56897eec30a7.png,Stylevana,Back to School - Early Bird,"Back to School - Early Bird

Up to 50% OFF
+
Use code for EXTRA
-16% on NZ$149+ 
-12% on NZ$89+

No Waiting! Buy In-Stock Items Only!

FOR MEMBERS ONLY
Code: [SVBSEB]

*Offer may not be used with other site offers.
",https://t.cfjump.com/90610/c/295453,SVBSEB,00:00.0,59:59.0
295463,32:50.0,03:16.4,90036,https://c.cfjump.com/Avatars/4b18bd93-f41f-45c5-b205-56897eec30a7.png,Stylevana,17% off + 2 Free K-Beauty Skincare,"17% off + Free Dear Klaris Calming Cream on $100+
Extra VT firming ampoule on $130+",https://t.cfjump.com/90610/c/295463,AFF2GIFTS,00:00.0,59:59.0
295287,51:53.4,52:34.5,90036,https://c.cfjump.com/Avatars/4b18bd93-f41f-45c5-b205-56897eec30a7.png,Stylevana,"Back to School Sale: Makeup 23% off, Others 21% off","Extra 23% off on Makeup, 21% off on others on NZ$100
Extra 18% off on all order value
Offer may not used with other site offers",https://t.cfjump.com/90610/c/295287,AFFBTS25,00:00.0,59:59.0
295288,54:23.5,54:23.5,90036,https://c.cfjump.com/Avatars/4b18bd93-f41f-45c5-b205-56897eec30a7.png,Stylevana,August Sale: 20% off sitewide on NZ$100,"Extra 20% off on NZ$100+ | 16% off on all order value
Offer may not used with other site offers",https://t.cfjump.com/90610/c/295288,AFFAUG25,00:00.0,59:59.0
292724,05:50.6,35:28.9,90036,https://c.cfjump.com/Avatars/4b18bd93-f41f-45c5-b205-56897eec30a7.png,Stylevana,New customers 22% off | All customers 18% off,22% off on Skincare |18% off on rest on NZ$115+,https://t.cfjump.com/90610/c/292724,AFFNEW22,00:00.0,59:59.0
294245,24:16.6,21:54.8,90036,https://c.cfjump.com/Avatars/4b18bd93-f41f-45c5-b205-56897eec30a7.png,Stylevana,23% off on Suncare & Mask,23% off on Suncare & Mask | 18% on rest items,https://t.cfjump.com/90610/c/294245,AFFSUN25,00:00.0,59:59.0
294402,05:28.8,32:02.2,90036,https://c.cfjump.com/Avatars/4b18bd93-f41f-45c5-b205-56897eec30a7.png,Stylevana,Facial Cleanser & Masks 21% off,21% off on Facial Cleanser & Mask | 17% off on rest items on NZ$108+,https://t.cfjump.com/90610/c/294402,AFFPURE,00:00.0,59:59.0
294512,28:24.1,34:01.6,90036,https://c.cfjump.com/Avatars/4b18bd93-f41f-45c5-b205-56897eec30a7.png,Stylevana,House of Hur Sale:  24% off with free blush,"24% OFF on House of Hur items and 20% OFF on rest of items in the cart + Free Blush on order NZ$85+ 
Offer may not used with other site offer",https://t.cfjump.com/90610/c/294512,AFFHOH24,00:00.0,59:59.0
294751,21:45.8,32:19.7,90036,https://c.cfjump.com/Avatars/4b18bd93-f41f-45c5-b205-56897eec30a7.png,Stylevana,Lip Items 22% off,22% off on Lip Items | 17% off on rest items on NZ$65+,https://t.cfjump.com/90610/c/294751,AFFLIP25,00:00.0,59:59.0
218560,16:59.1,19:35.3,65605,https://c.cfjump.com/Avatars/96d56657-783a-4772-97db-073f68bd8c54.png,Surf Dive 'n Ski,Spend $150* or more on full priced products and get a free gift*,"*Valid online only for a limited time unless product (see qualifying product codes below) are sold out prior. Promo code FREEGIFT-150, FREEGIFT200 or FREEGIFT-250 must be applied before the order is completed. Offer available on orders over $150 or more. Not valid for use in conjunction with any other discount, offer or promotion. Other exclusions may apply. We reserve the right to exclude any product and/or remove all promotions at any given time. Information and prices subject to change.
Free Gift when spend $150 or more include: 9681520-BLK,9681520-COA,9681520-MIL,9613705-BLK,9613705-POB,6613723-DRE,6613723-L29,URJAA03100-BSP0,V903720-NVY,V613721-MNT,V813722-PCI,UQYAA03257-CQY0,6613500-B4F,6613500-BA0,6613500-BK2,6613500-BK3,6613500-BK4,6613500-BKU,6613500-BLK,6613500-BLU,6613500-CW2,6613500-CWP,6613500-DAI,6613500-DTS,6613500-F56,6613500-GSS,6613500-KHA,6613500-LPL,6613500-MUL,6613500-PM8,6613500-ST5,6613500-STR,6613500-204,6613500-355,6613500-W44,6613500-WFL,6613500-WH2,6613500-WHT,6613500-WM3,6613500-YLW",https://t.cfjump.com/90610/c/218560,FREEGIFT-150,00:00.0,
218561,18:15.4,19:24.5,65605,https://c.cfjump.com/Avatars/96d56657-783a-4772-97db-073f68bd8c54.png,Surf Dive 'n Ski,Spend $200* or more on full priced products and get a free gift*,"*Valid online only for a limited time unless product (see qualifying product codes below) are sold out prior. Promo code FREEGIFT-150, FREEGIFT200 or FREEGIFT-250 must be applied before the order is completed. Offer available on orders over $150 or more. Not valid for use in conjunction with any other discount, offer or promotion. Other exclusions may apply. We reserve the right to exclude any product and/or remove all promotions at any given time. Information and prices subject to change.
Free Gift when spend $150 or more include: 9681520-BLK,9681520-COA,9681520-MIL,9613705-BLK,9613705-POB,6613723-DRE,6613723-L29,URJAA03100-BSP0,V903720-NVY,V613721-MNT,V813722-PCI,UQYAA03257-CQY0,6613500-B4F,6613500-BA0,6613500-BK2,6613500-BK3,6613500-BK4,6613500-BKU,6613500-BLK,6613500-BLU,6613500-CW2,6613500-CWP,6613500-DAI,6613500-DTS,6613500-F56,6613500-GSS,6613500-KHA,6613500-LPL,6613500-MUL,6613500-PM8,6613500-ST5,6613500-STR,6613500-204,6613500-355,6613500-W44,6613500-WFL,6613500-WH2,6613500-WHT,6613500-WM3,6613500-YLW
Free Gift when spend $200 or more include: 9692239P-WAA,9692239P-GEH,6613259-ARE,6613259-BEI",https://t.cfjump.com/90610/c/218561,FREEGIFT-200,00:00.0,
218562,19:07.0,19:29.9,65605,https://c.cfjump.com/Avatars/96d56657-783a-4772-97db-073f68bd8c54.png,Surf Dive 'n Ski,Spend $250* or more on full priced products and get a free gift*,"*Valid online only for a limited time unless product (see qualifying product codes below) are sold out prior. Promo code FREEGIFT-150, FREEGIFT200 or FREEGIFT-250 must be applied before the order is completed. Offer available on orders over $150 or more. Not valid for use in conjunction with any other discount, offer or promotion. Other exclusions may apply. We reserve the right to exclude any product and/or remove all promotions at any given time. Information and prices subject to change.
Free Gift when spend $150 or more include: 9681520-BLK,9681520-COA,9681520-MIL,9613705-BLK,9613705-POB,6613723-DRE,6613723-L29,URJAA03100-BSP0,V903720-NVY,V613721-MNT,V813722-PCI,UQYAA03257-CQY0,6613500-B4F,6613500-BA0,6613500-BK2,6613500-BK3,6613500-BK4,6613500-BKU,6613500-BLK,6613500-BLU,6613500-CW2,6613500-CWP,6613500-DAI,6613500-DTS,6613500-F56,6613500-GSS,6613500-KHA,6613500-LPL,6613500-MUL,6613500-PM8,6613500-ST5,6613500-STR,6613500-204,6613500-355,6613500-W44,6613500-WFL,6613500-WH2,6613500-WHT,6613500-WM3,6613500-YLW
Free Gift when spend $200 or more include: 9692239P-WAA,9692239P-GEH,6613259-ARE,6613259-BEI
Free Gift when spend $250 or more include: URJAA03100-BSP0,URJAA03100-BGF0,URJAA03100-BJC7,URJAA03100-XWWB,URJHM03000-BSPO",https://t.cfjump.com/90610/c/218562,FREEGIFT-250,00:00.0,
288427,17:17.0,17:17.0,90019,https://c.cfjump.com/Avatars/9fc06539-e590-4837-9fed-605fa10207f0.png,Tech Sales Online,5% Off Everything,,https://t.cfjump.com/90610/c/288427,welcome5,00:00.0,
274312,38:19.7,38:19.7,85648,https://c.cfjump.com/Avatars/3f07c1d7-2ad3-4252-a589-2f88a9b0b641.png,The Australian Organic,15% off any product or bundle,,https://t.cfjump.com/90610/c/274312,GET15,00:00.0,
215820,48:50.2,48:50.2,79112,https://c.cfjump.com/Avatars/c30ef55e-1976-44c4-9e53-19e3442b9b55.png,The Blue Space,Welcome Sign Up,"Users must sign up to our database to use the following discount and use it with the same email address at the time of purchase. 
Discount code is only valid at time of checkout. That is, you must apply the code at checkout to receive the deal.
Discount can not be used/applied after checkout has been completed.
Spend must be of $200 or more for voucher to apply.
Vouchers are valid for one use per customer only.
Promotions are only available on website purchases and is not available with any other offer, package quotes or trade discounts.
Discount code cannot be used in conjunction with any other offers including quotes, trade discounts, and any other website offers.",https://t.cfjump.com/90610/c/215820,WELCOME30,00:00.0,
274504,35:53.0,35:53.0,79112,https://c.cfjump.com/Avatars/c30ef55e-1976-44c4-9e53-19e3442b9b55.png,The Blue Space,Take 10% OFF Indigo Toilets,,https://t.cfjump.com/90610/c/274504,TAKE10,00:00.0,
274505,36:28.5,36:28.5,79112,https://c.cfjump.com/Avatars/c30ef55e-1976-44c4-9e53-19e3442b9b55.png,The Blue Space,10% OFF Delf Door Hardware,,https://t.cfjump.com/90610/c/274505,DELF10,00:00.0,
274506,37:06.2,37:06.2,79112,https://c.cfjump.com/Avatars/c30ef55e-1976-44c4-9e53-19e3442b9b55.png,The Blue Space,"Buy 9 Momo Handles, Get the 10th Free",,https://t.cfjump.com/90610/c/274506,FREEHANDLE,00:00.0,
274507,38:22.1,38:22.1,79112,https://c.cfjump.com/Avatars/c30ef55e-1976-44c4-9e53-19e3442b9b55.png,The Blue Space,Purchase a Meir Sink & get a Matching Sink Grid for FREE,,https://t.cfjump.com/90610/c/274507,FREEGRID,00:00.0,
274508,38:53.9,38:53.9,79112,https://c.cfjump.com/Avatars/c30ef55e-1976-44c4-9e53-19e3442b9b55.png,The Blue Space,FREE Bottle Trap with Any Wall Hung Basin,,https://t.cfjump.com/90610/c/274508,FREEBOTTLETRAP,00:00.0,
274509,40:24.9,40:24.9,79112,https://c.cfjump.com/Avatars/c30ef55e-1976-44c4-9e53-19e3442b9b55.png,The Blue Space,Receive 25% Off Any Shaving Cabinet with Purchase of Any Vanity*,,https://t.cfjump.com/90610/c/274509,CABINET25,00:00.0,
295427,32:32.8,32:32.8,88236,https://c.cfjump.com/Avatars/0df22289-7151-4d6c-b3df-22e547760869.png,The Jojoba Company,15% OFF First Purchase,"Discount code is only valid for first time customers. 15% off does not include, Gift Cards, Sets, Bundles and Travel Sizes. ",https://t.cfjump.com/90610/c/295427,SMARTSKIN15,00:00.0,59:59.0
291363,59:06.2,59:06.2,88188,https://c.cfjump.com/Avatars/f67ec4f3-4476-4fa6-8bd7-1ef8715cd050.png,The Memo,WELCOME15,"Be aware that it won't work at checkout unless customers have signed up to the loyalty program - The Feel Good Club. 
 ",https://t.cfjump.com/90610/c/291363,WELCOME15,00:00.0,
214986,47:26.8,57:42.4,79760,https://c.cfjump.com/Avatars/349b0943-c2c7-4029-9311-dea47987f3cb.png,The UGG Shop,$10 OFF,Could not be used when other dicounts applied,https://t.cfjump.com/90610/c/214986,UGG$10OFF,00:00.0,59:59.0
295462,49:58.8,49:58.8,69632,https://c.cfjump.com/Avatars/957b2c8c-c526-4c7f-88a0-36f52709ae4e.png,UGG Express,2025 Afterpay Day Sale,,https://t.cfjump.com/90610/c/295462,AFTERPAY2025,00:00.0,59:59.0
286959,36:03.9,24:03.6,85992,https://c.cfjump.com/Avatars/723e835f-5ad1-46f0-bfe6-a32c0d131da1.png,Urban Road,10% off first order,"10% off first order that meets the below conditions 
* Not to be used in conjunction with any other offer.
* Promotion cannot be combined with any other promotions or products.
* Promo excludes Gift Vouchers and WS ""On Sale"" category.
* Available to Australian residing, Retail customers ONLY.
* Promotions and sales are valid for the advertised dates & times only and cannot be extended.
* Promo excludes all made to order items.
* Promo excludes all pre order items.
* Promo excludes Gift Vouchers.
* Promo excludes Newsletter sign up discount.
* Single use only, one code redemption per customer.
* Promotion cannot be backdated to or used for purchases made outside the Promotion Period.
* Please choose carefully, as all promotion items are not eligible for change of mind refunds or returns.
* Sale excludes international orders. All orders placed outside of Australia will not be included in promotional pricing. ",https://t.cfjump.com/90610/c/286959,CFWELCOME10,00:00.0,
286881,31:19.1,48:27.3,88718,https://c.cfjump.com/Avatars/f87ef150-e855-40af-9567-135af322eb66.png,Vivobarefoot Australia,10% off your First Order,"Only applicable on first-time order 
Prices as marked, non-transferable, no rainchecks, not redeemable for cash.
Cannot be used to purchase Gift Cards.
Cannot be used in conjunction with any other discount code.
Cannot be used on products already on sale.
Only available for orders shipping to Australia",https://t.cfjump.com/90610/c/286881,VIVO10,00:00.0,
286907,33:00.6,33:00.6,87624,https://c.cfjump.com/Avatars/8848e0fd-c4f6-400b-b8df-328c7e6c0b01.png,VUSH,50% off Empress 2,USE CODE EMPRESS50 FOR 50% OFF AT CHECKOUT. Please check website for more info on T&Cs,https://t.cfjump.com/90610/c/286907,EMPRESS50,00:00.0,
218735,35:33.1,35:33.1,81439,https://c.cfjump.com/Avatars/053b5426-eba0-4c9d-8657-a7366b3ea8ea.png,Wholesale Aircon,$25 off for orders over $1000,This is a single use coupon for each email address. The minimum spend is $1000.,https://t.cfjump.com/90610/c/218735,cfd25,00:00.0,
295026,29:26.3,29:26.3,32549,https://c.cfjump.com/Avatars/a32f4d7f-0c8e-412f-b123-46c55655e6e6.png,Wine Selectors,Get 20% Off Your First Wine Case,"- New customers only 
- Valid only on orders $160+",https://t.cfjump.com/90610/c/295026,CELLAR20,00:00.0,59:59.0
273640,50:25.7,50:25.7,83939,https://c.cfjump.com/Avatars/c65eba2f-2333-4194-bc51-b97889af3460.png,XHunter Australia,New Subscriber Coupon,,https://t.cfjump.com/90610/c/273640,NEW5,00:00.0,
286948,13:54.6,13:54.6,83939,https://c.cfjump.com/Avatars/c65eba2f-2333-4194-bc51-b97889af3460.png,XHunter Australia,Tough Move Supplier Package,,https://t.cfjump.com/90610/c/286948,TMSP,00:00.0,
286949,14:37.7,14:37.7,83939,https://c.cfjump.com/Avatars/c65eba2f-2333-4194-bc51-b97889af3460.png,XHunter Australia,Welcome Back,,https://t.cfjump.com/90610/c/286949,BACK,00:00.0,
286951,17:14.6,17:14.6,83939,https://c.cfjump.com/Avatars/c65eba2f-2333-4194-bc51-b97889af3460.png,XHunter Australia,Free Shipping Over $500,,https://t.cfjump.com/90610/c/286951,FS500,00:00.0,
291277,11:38.9,11:38.9,83939,https://c.cfjump.com/Avatars/c65eba2f-2333-4194-bc51-b97889af3460.png,XHunter Australia,Hunters Element Maverick Hunting Boot 65% Off,,https://t.cfjump.com/90610/c/291277,MRK65,00:00.0,
292317,49:04.0,48:43.5,90457,https://c.cfjump.com/Avatars/a82c68f4-0919-4b12-9b3f-758fd757b7ad.png,Zing Wellbeing,VIP Zing Wellbeing Membership - additional $30 off,"Zing Wellbeing VIP Code – Terms & Conditions

Offer Eligibility: The VIP code entitles the user to a $30 discount and is valid exclusively for purchases made on the following page: https://zingwellbeing.com/pages/vip-zing-wellbeing-membership

Validity Period: This offer is valid from 20/01/2025. Zing Wellbeing reserves the right to modify or withdraw the offer at any time without prior notice.

Single Use Only: The VIP code is strictly limited to one use per customer and cannot be combined with any other promotions, discounts, or offers.

Non-Transferable & No Cash Value: The VIP code is non-transferable, cannot be exchanged for cash, and has no monetary value.

Applicable Products: The discount applies only to products listed on the designated VIP offer page and cannot be used for any other products, services, or subscriptions.

Returns & Refunds: If a product purchased using the VIP code is returned, the refund will reflect the amount paid after the discount was applied. The VIP code will not be reissued or refunded.

Misuse & Abuse: Zing Wellbeing reserves the right to cancel or refuse the discount if any misuse, fraudulent activity, or violation of these Terms & Conditions is suspected.

Technical Issues: Zing Wellbeing is not responsible for any technical issues that may prevent the code from being applied at checkout. 

Changes to Terms: Zing Wellbeing reserves the right to update or modify these Terms & Conditions at any time without prior notice. Continued use of the VIP code signifies agreement with the most current version of these terms.",https://t.cfjump.com/90610/c/292317,VIPOFFER30,00:00.0,
