Common Name,Scientific Name,Plant Type,Light Requirements,Water Needs,Height Min (ft),Height Max (ft),Height Range Group(s),Spread Min (ft),Spread Max (ft),Standardized Ecoregions,Description,Countries,Season of Interest,Duration
Southern Live Oak,Quercus virginiana,Tree,Full Sun,"Low, Average",40,80,"30–50 ft, 50+ ft",60,100,"8.5 - Mississippi Alluvial & SE USA Coastal Plains, 9.5 - Texas-Lousiana Coastal Plains, 15.4 - Everglades","This evergreen oak has a sprawling canopy with horizontally spreading branches covered in dense, dark green leaves. They are resilient and long lived, tolerating salt spray, drought, and strong winds.",United States,,Perennial
Wild Coffee,Psychotria nervosa,Shrub,"Partial Sun, Shade","Low, Average",2,10,"2–3 ft, 3–4 ft, 4–5 ft, 5–7 ft, 7–10 ft, 10–15 ft",3,5,15.4 - Everglades,"This versatile evergreen shrub has glossy, dark green leaves and small, fragrant white flowers. It is well suited to shade, and produces seeds similar appearance to coffee beans.",United States,,Perennial
Hardy Pecan,Carya illinoinensis,Tree,Full Sun,Average ,70,100,50+ ft,40,70,"9.5 - Texas-Lousiana Coastal Plains, 9.6 - Tamaulipas-Texas Semi-Arid Plains","This tree produces sweet and buttery pecan nuts, has golden-yellow foliage in the fall, and is adaptable to various soil types. This tree can be grown from seed, but will take 8-10 years to produce nuts.",United States,,Perennial
White Oak,Quercus alba,Tree,Full Sun,"Low, Average",50,80,50+ ft,50,80,"5.3 - Atlantic Highlands, 8.1 - Mixed Wood Plains (USA), 8.1 - Mixed Wood Plains (Canada), 8.2 - Central USA Plains, 8.3 - SE USA Plains, 8.4 - Ozark/Ouachita-Appalachian Forests","This majestic tree is prized for its broad canopy and can live for over 500 years. In autumn, this species produces acorns and turns reddish-brown to burgandy in color. ***Toxic to horses***","United States, Canada",,Perennial
Black Oak,Quercus velutina,Tree,Full Sun,"Low, Average",50,60,50+ ft,50,60,"5.2 - Mixed Wood Shield, 5.3 - Atlantic Highlands, 8.1 - Mixed Wood Plains (USA), 8.1 - Mixed Wood Plains (Canada), 8.2 - Central USA Plains, 8.3 - SE USA Plains, 8.4 - Ozark/Ouachita-Appalachian Forests, 8.5 - Mississippi Alluvial & SE USA Coastal Plains, 9.2 - Temperate Prairies, 9.4 - South Central Semi-Arid Prairies",This great shade tree shows bright yellow and orange colors during the fall season. Acorns provide a good food source for small mammals and birds. ***Toxic to horses***,"United States, Canada",,Perennial
Black Cherry,Prunus serotina,Tree,"Full Sun, Partial Sun",Average,50,80,50+ ft,30,60,"5.2 - Mixed Wood Shield, 5.3 - Atlantic Highlands, 8.1 - Mixed Wood Plains (USA), 8.1 - Mixed Wood Plains (Canada), 8.2 - Central USA Plains, 8.3 - SE USA Plains, 8.4 - Ozark/Ouachita-Appalachian Forests, 8.5 - Mississippi Alluvial & SE USA Coastal Plains, 12.1 - Western Sierra Madre Piedmont, 13.1 - Upper Gila Mountains","This plant has glossy green leaves with pointed tips,is tolerant of dry soil, has fragrant white flowers in the spring, and produces berries that can be used in jams and jellies. ***Toxic to dogs, cats, and horses***","United States, Canada",,Perennial
Eastern Cottonwood,Populus deltoides,Tree,Full Sun,Average,50,80,50+ ft,35,60,"8.1 - Mixed Wood Plains (USA), 8.2 - Central USA Plains, 9.2 - Temperate Prairies, 9.3 - West-Central Semi-Arid Prairies, 9.4 - South Central Semi-Arid Prairies, 10.2 - Warm Deserts, 11.1 - Mediterranean California, 12.1 - Western Sierra Madre Piedmont, 13.1 - Upper Gila Mountains","This tree has green deltoid leaves up to 5 inches long that turn yellow in the fall. Before leaves emerge, small male and female flowers appear on separate trees in the mid-spring. ",United States,,Perennial
Black Willow,Salix nigra,"Tree, Shrub","Full Sun, Partial Sun","Average, High",30,60,"30–50 ft, 50+ ft",30,60,"5.3 - Atlantic Highlands, 8.1 - Mixed Wood Plains (USA), 8.2 - Central USA Plains, 8.3 - SE USA Plains, Ozark, 8.4 - Ozark/Ouachita-Appalachian Forests, 9.5 - Texas-Lousiana Coastal Plains, 9.6 - Tamaulipas-Texas Semi-Arid Plains","This versatile and fast-growing tree thrives in moist environments, adding visual interest to the landscape with its elegant leaves and grayish-brown bark. It is a great choice for gardens seeking both aesthetic appeal and tolerance to wet conditions.","United States, Canada",,Perennial
American or Quaking Aspen,Populus tremuloides,Tree,Full Sun,Average ,20,50,"20–30 ft, 30–50 ft, 50+ ft",10,30,"5.2 - Mixed Wood Shield, 5.3 - Atlantic Highlands, 6.2 - Western Cordillera, 7.1 - Marine West Coast Forests (Lower 48), 7.1 - Marine West Coast Forests (Canada), 8.1 - Mixed Wood Plains (USA), 8.1 - Mixed Wood Plains (Canada), 8.2 - Central USA Plains, 9.3 - West-Central Semi-Arid Prairies, 10.1 - Cold Deserts, 10.2 - Warm Deserts, 11.1 - Mediterranean California, 12.1 - Western Sierra Madre Piedmont, 13.1 - Upper Gila Mountains","This fast-growing deciduous tree has shimmering leaves that tremble in the breeze. Its smooth white bark, vibrant green foliage, and brilliant golden-yellow fall color make it a visually appealing and low-maintenance choice.","United States, Canada",,Perennial
Lowbush Blueberry,Vaccinium angustifolium,Shrub,"Full Sun, Partial Sun",Average,1,2,"1–2 ft, 2–3 ft",1,2,"5.2 - Mixed Wood Shield, 5.3 - Atlantic Highlands, 8.1 - Mixed Wood Plains (Canada), 8.1 - Mixed Wood Plains (USA)","Small, white, bell-shaped flowers appear on this species in the spring and are followed by edible blueberries in the summer. The red-green foliage turns blue-green in the summer and bronze in the fall.","United States, Canada",,Perennial
Pussy Willow,Salix discolor,"Tree, Shrub",Full Sun,"Average, High",6,15,"5–7 ft, 7–10 ft, 10–15 ft, 15–20 ft",4,12,"5.2 - Mixed Wood Shield, 5.3 - Atlantic Highlands, 8.1 - Mixed Wood Plains (Canada), 8.1 - Mixed Wood Plains (USA), 8.2 - Central USA Plains","This charming shrub is known for its fuzzy silver-gray catkins that emerge in early spring, adding unique visual interest. With its whimsical appearance, it is a popular choice for adding texture and early-season beauty.","United States, Canada",,Perennial
Bur Oak,Quercus macrocarpa,Tree,Full Sun,Average,60,80,50+ ft,60,80,"5.2 - Mixed Wood Shield, 8.1 - Mixed Wood Plains (USA), 8.1 - Mixed Wood Plains (Canada), 8.2 - Central USA Plains, 9.2 - Temperate Prairies,","This majestic and long-lived tree is known for its large acorns, deeply-loped leaves, and stunning golden-yellow fall color. With its impressive size, drought tolerance, and beautiful foliage, it is a resilient and visually striking addition to any garden. ***Toxic to horses***","United States, Canada",,Perennial
Post Oak,Quercus stellata,Tree,Full Sun,"Low, Average",35,50,"30–50 ft, 50+ ft",35,50,"8.3 - SE USA Plains, 8.4 - Ozark/Ouachita-Appalachian Forests","This drought-tolerant tree is known for its distinctive star-shaped leaves and small acorns, attracting wildlife. With its rustic charm and adaptability to different soil conditions, it is a desirable choice for those seeking a hardy and visually appealing tree. ",United States,,Perennial
Smooth Alder,Alnus serrulata,"Tree, Shrub","Full Sun, Partial Sun","Average, High",10,20,"10–15 ft, 15–20 ft, 20–30 ft",8,15,"5.3 - Atlantic Highlands, 8.1 - Mixed Wood Plains (USA), 8.2 - Central USA Plains, 8.3 - SE USA Plains, 8.4 - Ozark/Ouachita-Appalachian Forests, 8.5 - Mississippi Alluvial & SE USA Coastal Plains","This versatile shrub or small tree thrives in moist environments and supports 255 species of butterflies and moths. It offers benefits such as nitrogen fixation, erosion control, and attractive foliage with glossy green leaves and winter catkins.",United States,,Perennial
Shagbark Hickory,Carya ovata,Tree,"Full Sun, Partial Sun","Low, Average",70,80,50+ ft,50,70,"5.3 Atlantic Highlands, 8.1 - Mixed Wood Plains (USA), 8.1 - Mixed Wood Plains (Canada), 8.2 - Central USA Plains, 8.3 - SE USA Plains, 8.4 - Ozark/Ouachita-Appalachian Forests","This tree is known for its distinctive shaggy bark, delicious edible nuts, and impressive fall colors. Its foliage transforms into vibrant shades of golden yellow and warm orange during autumn, adding a stunning display of color to the garden.","United States, Canada",,Perennial
Red Oak,Quercus rubra,Tree,"Full Sun, Partial Sun","Low, Average",50,70,50+ ft,50,70,"5.2 - Mixed Wood Shield, 5.3 - Atlantic Highlands, 8.1 - Mixed Wood Plains (USA), 8.2 - Central USA Plains, 8.4 - Ozark/Ouachita-Appalachian Forests, 9.2 - Temperate Prairies","With its broad, lobed leaves that turn a brilliant red color in the fall, this tree creates a vibrant display of seasonal beauty. Highly attractive to a variety of species and boasting a remarkable lifespan of up to 500 years, this majestic tree not only provides ample shade, but also exhibits remarkable adaptablility to variou soil conditions. ***Toxic to horses and cattle***",United States,,Perennial
Ponderosa Pine,Pinus ponderosa,Tree,Full Sun,Average,60,100,50+ ft,25,30,"6.2 - Western Cordillera, 10.1 - Cold Deserts, 10.2 - Warm Deserts, 12.1 - Western Sierra Madre Piedmont, 13.1 - Upper Gila Mountains","The majestic and resilient tree is known for its tall, straight truchs and distinctive orange-brown bark that peels off in puzzle-like plates. It has long, needle-like leaves grouped in bundles of three and produces large, egg-shaped cones. It can live over 500 years.***Toxic to horses***",United States,,Perennial
Douglas Fir,Pseudotsuga menziesii,Tree,"Full Sun, Partial Sun",Average,40,80,"30–50 ft, 50+ ft",10,20,"6.2 - Western Cordillera, 7.1 - Marine West Coast Forests (Lower 48), 10.1 - Cold Deserts, 12.1 - Western Sierra Madre Piedmont, 13.1 - Upper Gila Mountains","This versatile evergreen tree is highly valued for its beauty and is often used as a Christmas tree. It has dense, soft needles and gracefully drooping branches. The tree produces cylindrical cones that provide a food source for wildlife.",United States,,Perennial
White Fir,Abies concolor,Tree,"Full Sun, Partial Sun",Average,10,30,"10–15 ft, 15–20 ft, 20–30 ft, 30–50 ft",10,15,13.1 - Upper Gila Mountains,"This low maintenance and elegant evergreen tree is known for its soft, bluish-green needles and pleasant citrus scent. It produce attractive cones that transition from purple to light brown.",United States,,Perennial
Arroyo Willow,Salix lasiolepis,"Tree, Shrub","Full Sun, Partial Sun","Average, High",10,35,"10–15 ft, 15–20 ft, 20–30 ft, 30–50 ft",10,25,"10.2 - Warm Deserts, 11.1 - Mediterranean California, 12.1 - Western Sierra Madre Piedmont, 13.1 - Upper Gila Mountains,","This versatile shrub or tree is known for its narrow, silvery leaves and clusters of small flowers. It thrives in wet soil conditions and is a valuable choice for areas near water bodies or in flood-prone areas.",United States,,Perennial
Red Alder,Alnus rubra,Tree,"Full Sun, Partial Sun, Shade","Average, High",40,50,"30–50 ft, 50+ ft",20,30,"7.1 - Marine West Coast Forests (Alaska), 7.1 - Marine West Coast Forests (Canada), 7.1 - Marine West Coast Forests (Lower 48) ","This tree features dark green leaves, brown catkins, and cone-like fruits.Supporting over 200 caterpillar species, with nitrogen-fixing nodules and erosion control benefits, it enriches soil and provides vital habitat wildlife.","United States, Canada",,Perennial
Coyote Willow,Salix exigua,"Tree, Shrub",Full Sun,"Average, High",15,20,"15–20 ft, 20–30 ft",15,20,"6.2 - Western Cordillera, 10.1 - Cold Deserts, 10.2 - Warm Deserts, 11.1 - Mediterranean California, 12.1 - Western Sierra Madre Piedmont, 13.1 - Upper Gila Mountains","This plant thrives in diverse habitats, offering drought resistance, flood tolerance, and erosion prevention. With gray-green leaves and pale lemon catkins in spring, it adds visual interest and supports various wildlife species.",United States,,Perennial
Red Maple,Acer rubrum,Tree,"Full Sun, Partial Sun",Average,40,70,"30–50 ft, 50+ ft",30,50,"5.2 - Mixed Wood Shield, 5.3 - Atlantic Highlands, 8.1 - Mixed Wood Plains (USA), 8.1 - Mixed Wood Plains (Canada), 8.2 - Central USA Plains, 8.3 - SE USA Plains, 8.4 - Ozark/Ouachita-Appalachian Forests, 8.5 - Mississippi Alluvial & SE USA Coastal Plains",This fast-growing tree produces tiny red flowers in early spring. It has dark green spring leaves that transition to yellow or red in autumn.,"United States, Canada",,Perennial
Paper Birch,Betula papyrifera,Tree,"Full Sun, Partial Sun",Average,50,70,50+ ft,25,50,"5.2 - Mixed Wood Shield, 7.1 - Marine West Coast Forests (Alaska)",This medium-sized deciduous tree has distinctive white peeling bark. Its bright green foliage in spring and golden-yellow leaves in fall add year-round visual appeal.,United States,,Perennial
Eastern White Pine,Pinus strobus,Tree,Full Sun,"Low, Average",50,80,50+ ft,20,40,"5.2 - Mixed Wood Shield, 8.1 - Mixed Wood Plains (USA), 8.1 - Mixed Wood Plains (Canada), ","This tree features soft blue-green needles and large pinecones that provide added visual interest. As an evergreen, it offers year-round beauty.","United States, Canada",,Perennial
Sugar Maple,Acer saccharum,Tree,"Full Sun, Partial Sun",Average,40,80,"30–50 ft, 50+ ft",30,60,"5.2 - Mixed Wood Shield, 5.3 - Atlantic Highlands, 8.1 - Mixed Wood Plains (USA), 8.1 - Mixed Wood Plains (Canada), 8.2 - Central USA Plains, 8.4 - Ozark/Ouachita-Appalachian Forests","This tree showcases outstanding fall colors with vibrant shades fo orange, red, and yellow, making it an attractive addition to any garden. It also prduces small yellow flowers in spring and is used for maple syrup. ","United States, Canada",,Perennial
Chokecherry,Prunus virginiana,"Tree, Shrub","Full Sun, Partial Sun","Low, Average",20,30,"20–30 ft, 30–50 ft",15,20,"5.2 - Mixed Wood Shield, 5.3 - Atlantic Highlands, 6.2 - Western Cordillera, 8.1 - Mixed Wood Plains (USA), 8.1 - Mixed Wood Plains (Canada), 8.2 - Central USA Plains, 9.2 - Temperate Prairies, 9.3 - West-Central Semi-Arid Prairies, 10.1 - Cold Deserts, Meditarian California, 13.1 - Upper Gila Mountains","This plant is tolerant to drought, and dry, rocky, or clay soil. It is a great choice for beds, borders, hedge, screens, and open woodland gardens. It produces white flowers and edible berries. ***Toxic to dogs, cats, and horses***","United States, Canada",,Perennial
Saltbush,Baccharis halimifolia,Shrub,Full Sun,"Average, High",3,10,"3–4 ft, 4–5 ft, 5–7 ft, 7–10 ft, 10–15 ft",3,10,"8.5 - Mississippi Alluvial & SE USA Coastal Plains, 15.4 - Everglades","This short lived shrub has oval, sharp-toothed, gray-green leaves 2 inches long. This species also has white flowers from late summer to fall and is typically pest and disease free.",United States,,Perennial
Slash Pine,Pinus elliottii,Tree,"Full Sun, Partial Sun",Average,70,100,50+ ft,30,50,15.4 - Everglades,This long lived tree has green needles from 6-12 inches and brown cones 2-6 inches long on mature specimens that are an important food source for birds and small mammals.,United States,,Perennial
Shore Pine,Pinus contorta,Tree,Full Sun,Low,20,35,"20–30 ft, 30–50 ft",20,35,"6.2 - Western Cordillera, 7.1 - Marine West Coast Forests (Lower 48), 9.3 - West-Central Semi-Arid Prairies","This hardy and versatile tree is known for its twisted branches and slender, cylindrical cones. It is well-suited for various environments and can withstand harsh conditions, making it resilient and adaptable.",United States,,Perennial
Yellow Rabbitbrush,Chrysothamnus viscidiflorus,Shrub,Full Sun,Low,1,3,"1–2 ft, 2–3 ft, 3–4 ft",1,3,"6.2 - Western Cordillera, 10.1 - Cold Deserts","This hardy and drought-tolerant shrub brings vibrant color to the garden. It showcases clusters of bright yellow flowers, attracting pollinators such as bees and butterflies. This plant is also used for erosion control, and is good forage for cattle, sheep, and horses.",United States,,Perennial
Bigleaf Maple,Acer macrophyllum,Tree,"Full Sun, Partial Sun",Average,40,70,"30–50 ft, 50+ ft",40,70,"7.1 - Marine West Coast Forests (Lower 48), 11.1 - Mediterranean California","This impressive tree is known for its exceptionally large leaves, providing ample summer shade. With stunning golden and orange hues in the fall, it adds a vibrant display of autumn colors.",United States,,Perennial
Garry Oak,Quercus garryana,Tree,"Full Sun, Partial Sun, Shade",Low,40,90,"30–50 ft, 50+ ft",30,80,7.1 - Marine West Coast Forests (Lower 48),"This adaptable tree has striking, deeply lobed leaves that turn vibrant yellow to red in the fall. This species can thrive in a variety of soil types and requires low water, making it a low maintenance choice.",United States,,Perennial
American Plum,Prunus americana,"Tree, Shrub","Full Sun, Partial Sun","Low, Average",15,25,"15–20 ft, 20–30 ft",15,25,"8.1 - Mixed Wood Plains (USA), 8.1 - Mixed Wood Plains (Canada), 8.2 - Central USA Plains, 9.2 - Temperate Prairies, 9.3 - West-Central Semi-Arid Prairies","This tree is a great choice for shrub borders, hedges, screens, or erosion control, and has toothed leves, five petaled white flowers in spring, and edible red plums.","United States, Canada",,Perennial
Bitternut Hickory,Carya cordiformis ,Tree,"Full Sun, Partial Sun",Average,50,80,50+ ft,30,50,"8.1 - Mixed Wood Plains (Canada), 8.1 - Mixed Wood Plains (USA), 8.2 - Central USA Plains, 8.4 - Ozark/Ouachita-Appalachian Forests","This tree, known for its heart-shaped nuts, offers an excellent choice for those seeking both aesthetic appeal and practical benefits. It showcases attractive yellowish-green foliage during the summer and transforms into a beautiful golden color in the fall.","United States, Canada",,Perennial
Texas Live Oak,Quercus fusiformis,Tree,"Full Sun, Partial Sun",Low,20,40,"20–30 ft, 30–50 ft",20,40,9.6 - Tamaulipas-Texas Semi-Arid Plains,"This picturesque tree has a short trunk supporting spreading, gnarled branches and semi-evergreen leaves. It is valued for its drought resistance and robust appearance, but must be protected from oak wilt and live oak decline when stressed by drought.",United States,,Perennial
Carolina Cherry Laurel,Prunus caroliniana,"Tree, Shrub","Full Sun, Partial Sun",Average,20,30,"20–30 ft, 30–50 ft",15,25,"8.5 - Mississippi Alluvial & SE USA Coastal Plains, 9.5 - Texas-Lousiana Coastal Plains, 15.4 - Everglades","This versatile evergreen tree has glossy leaves that emit an almond scent when bruised. Fragrant white flowers in early spring attract polliators, followed by small red cherries ripening to black, providing a valuable food source for birds.",United States,,Perennial
Limber Pine,Pinus flexilis,Tree,Full Sun,Average,40,60,"30–50 ft, 50+ ft",25,40,"12.1 - Western Sierra Madre Piedmont, 13.1 - Upper Gila Mountains",This sturdy and adaptable tree features blue-green needles up to 3 inches long and produces 8-inch green egg-shaped cones that turn yellow-brown at maturity. This species is deer tolerant.,United States,,Perennial
Buckbrush,Ceanothus cuneatus,Shrub,Full Sun,Low,5,12,"5–7 ft, 7–10 ft, 10–15 ft",5,12,11.1 - Mediterranean California,"This hardy evergreen shrub has small blue-green leaves and tiny fragrant white flowers that bloom in early to mid-summer. Its stiff, fleshy leaves contribute to its resilience, while its nitrogen-fixing ablility enhances soil health.",United States,,Perennial
White Alder,Alnus rhombifolia,Tree,"Full Sun, Partial Sun","Average, High",50,80,50+ ft,40,60,11.1 - Mediterranean California,"This tree has distinctive diamond-shaped leaves and provides habitat for various bird species. With its tolerance for wet conditions, it's a suitable choice for landscapes near water bodies. It supports over 200 caterpillar species.",United States,,Perennial
Southern Wax Myrtle,Myrica ceifera,"Tree, Shrub","Full Sun, Partial Sun","Average, High",10,15,"10–15 ft, 15–20 ft",8,10,15.4 - Everglades,"This evergreen plant has fragrant, leathery leaves and small, grayish berries. Its dense foliage provides privacy screening and windbreaks, and it can also be pruned into a hedge.",United States,,Perennial
Cranberry ,Vaccinium macrocarpon,Shrub,Full Sun,Average,0.167,0.5,< 1 ft,1,6,"5.2 - Mixed Wood Shield, 5.3 - Atlantic Highlands, 7.1 - Marine West Coast Forests (Lower 48), 7.1 - Marine West Coast Forests (Alaska), 7.1 - Marine West Coast Forests (Canada), 8.1 - Mixed Wood Plains (Canada), 8.1 - Mixed Wood Plains (USA)","This low growing shrub has pink-white tiny flowers that appear in late spring to early summer and give way to red cranberries that ripen in mid fall. Small glossy leather leaves are bronze in spring, dark green in summer, and copper or purple in winter.","United States, Canada",,Perennial
Northern Highbush Blueberry,Vaccinium coymbosum,Shrub,"Full Sun, Partial Sun","Average, High",6,12,"5–7 ft, 7–10 ft, 10–15 ft",8,12,"5.3 - Atlantic Highlands, 8.1 - Mixed Wood Plains (Canada), 8.5 - Mississippi Alluvial & SE USA Coastal Plains, 15.4 - Everglades","This popular fruit-bearing shrub offers both ornamental beauty and delicious blueberries for the garden. Its attractive white to pink flowers bloom in spring, followed by an abundant harvest of flavorful blueberries.","United States, Canada",,Perennial
Hillside Blueberry,Vaccinium pallidum,Shrub,"Full Sun, Partial Sun","Low, Average",1,3,"1–2 ft, 2–3 ft, 3–4 ft",2,3,"5.3 - Atlantic Highlands, 8.1 - Mixed Wood Plains (USA), 8.1 - Mixed Wood Plains (Canada), 8.4 - Ozark/Ouachita-Appalachian Forests, ",This bush has small green oval leaves that turn scarlet or crimson in fall. Tiny pink flowers appear in mid to late spring that attract bumblebees and hummingbird moths. Blossoms give way to edible bue-black berries that ripen in summer.,"United States, Canada",,Perennial
Pitch Pine,Pinus rigida,Tree,Full Sun,"Low, Average",40,60,"30–50 ft, 50+ ft",30,50,"5.2 - Mixed Wood Shield, 5.3 - Atlantic Highlands, 8.1 - Mixed Wood Plains (USA), 8.1 - Mixed Wood Plains (Canada), 8.2 - Central USA Plains, 8.3 - SE USA Plains, 8.4 - Ozark/Ouachita-Appalachian Forests, 8.5 - Mississippi Alluvial & SE USA Coastal Plains","This evergreen tree boasts long, sturdy needles and dense branches, making it a visually appealing and resilient choice for gardens. With its unique bark and year-round greenery, it adds texture and interest to the landscape. ","United States, Canada",,Perennial
Bear Oak,Quercus ilicifolia,Tree,Full Sun,Low,12,20,"10–15 ft, 15–20 ft, 20–30 ft",8,16,"5.2 - Mixed Wood Shield, 5.3 - Atlantic Highlands, 8.1 - Mixed Wood Plains (USA), 8.1 - Mixed Wood Plains (Canada), 8.4 - Ozark/Ouachita-Appalachian Forests, 8.3 - SE USA Plains, 8.5 - Mississippi Alluvial & SE USA Coastal Plains","The gnarled oak has small, leathery leaves that turn fiery orange to purplish red in the fall. It produces small acorns that are a favorite of wildlife in additio to supporting many insects.","United States, Canada",,Perennial
Goodding's Willow,Salix gooddingii,Tree,Full Sun,"Average, High",15,40,"15–20 ft, 20–30 ft, 30–50 ft",25,25,"10.2 - Warm Deserts, 12.1 - Western Sierra Madre Piedmont, 13.1 - Upper Gila Mountains, 11.1 - Mediterranean California, ","This versatile shrub or small tree has lance-shaped leaves and narrow catkins. It excels in erosion control, making it an invaluable choice for landscapes near water bodies or flood-prone regions.",United States,,Perennial
Sand Laurel Oak,Quercus hemisphaerica,Tree,"Full Sun, Partial Sun",Low,40,60,"30–50 ft, 50+ ft",30,40,"8.5 - Mississippi Alluvial & SE USA Coastal Plains, 15.4 - Everglades","This resilient and fast-growing tree is known for thriving in sandy or well-drained soils and has leathery leaves. While relatively short-lived, it remains valuable as a food source for birds, mammals, and insects. ***Toxic to horses***",United States,,Perennial
Gumbo-Limbo,Bursera simaruba,Tree,"Full Sun, Partial Sun","Low, Average, High",24,40,"20–30 ft, 30–50 ft",25,30,15.4 - Everglades,"This tropical tree has distinctive coppery-red, peeling bark and it forms a dense canopy of pinnate leaves with a feathery appearance. It is an adaptable and drought-tolerant tree resistant to harsh weather conditions.",United States,,Perennial
Blackjack Oak,Quercus marilandica,Tree,Partial Sun,Low,30,60,"30–50 ft, 50+ ft",20,40,"8.3 - SE USA Plains, 8.4 - Ozark/Ouachita-Appalachian Forests, 8.5 - Mississippi Alluvial & SE USA Coastal Plains,","This rugged tree has dark, deeply furrowed bark and leathery leaves. It thrives in various soil types and is drought resistant.",United States,,Perennial
Dwarf Chinkapin Oak,Quercus prinoides,"Tree, Shrub","Partial Sun, Shade",Low,13,20,"10–15 ft, 15–20 ft, 20–30 ft",10,15,"5.3 - Atlantic Highlands, 8.1 - Mixed Wood Plains (USA), 8.2 - Central USA Plains, 8.4 - Ozark/Ouachita-Appalachian Forests","This oak known for its small size thrives in poor, dry soils and shade. It is an excellent choice to support wildlife with limited space.",United States,,Perennial
River Birch,Betula nigra,Tree,"Full Sun, Partial Sun","Average, High",40,70,"30–50 ft, 50+ ft",40,60,"8.3 - SE USA Plains, 8.4 - Ozark/Ouachita-Appalachian Forests","This tree has peeling salmon pink bark, tiny springtime yellow-brown male flowers and green female flowers, and diamond shaped glossy green leaves. It is also not attractive to deer.",United States,,Perennial
Deerbrush,Ceanothus integerrimus,Shrub,Full Sun,Low,3,13,"3–4 ft, 4–5 ft, 5–7 ft, 7–10 ft, 10–15 ft",5,7,"11.1 - Mediterranean California, 12.1 - Western Sierra Madre Piedmont, 13.1 - Upper Gila Mountains, ","This versatile shrub has glossy green leaves up to 3 inches long. Fragrant white, blue, or pink flowers at the tips of twigs bloom in late spring to mid-summer and attract pollinators, while its nitrogen-fixing characteristics enhance soil health.",United States,,Perennial
Black Spruce,Picea mariana,Tree,Full Sun,Average,30,50,"30-50 ft, 50+ft",20,30,"3.1 - Alaska Boreal Interior, 3.2 - Taiga Cordillera, 5.2 - Mixed Wood Shield, 5.3 - Atlantic Highlands, 6.1 - Boreal Cordillera, 8.1 - Mixed Wood Plains (USA), 8.1 - Mixed Wood Plains (Canada)","This low maintenance evergreen conifer has a slender, conical shape with a spiraling crown. It produces small, egg-shaped cones that persist on the tree for years.","United States, Canada",,Perennial
Saskatoon Serviceberry,Amelanchier alnifolia,"Shrub, Tree","Full Sun, Partial Sun",Average,10,15,10-15 ft,10,15,"6.2 - Western Cordillera, 7.1 - Marine West Coast Forests (Lower 48), 9.3 - West-Central Semi-Arid Prairies, 10.1 - Cold Deserts","This versatile shrub to small tree has fragrant spring blossoms, edible berries, and attractive foliage. The berries are a purplish-blue color and make delicious jams and jellies.",United States,,Perennial
White Spruce,Picea glauca,Tree,Full Sun,Average,50,70,50+ ft,10,20,"3.1 - Alaska Boreal Interior, 3.2 - Taiga Cordillera, 5.2 - Mixed Wood Shield, 5.3 - Atlantic Highlands, 6.1 - Boreal Cordillera, 8.1 - Mixed Wood Plains (Canada)",This popular evergreen tree is prized for its conical shape and the blue-green needles remain vibrant throughout the year. This highly adaptable tree is often used as a Christmas tree.,"United States, Canada",,Perennial
Western Columbine,Aquilegia formosa,"Flower, Container Friendly","Full Sun, Partial Sun",Average,1,3,"1-2 ft, 2-3 ft",N/A,N/A,"7.1 - Marine West Coast Forests (Lower 48), 7.1 - Marine West Coast Forests (Alaska), 11.1 - Mediterranean California","This showy, red flower is loved by hummingbirds and butterflies while being ignored by deer. Needs well draining soil. Deadhead to prevent seeding.",United States,,Perennial
Cascade Penstemon,Penstemon serrulatus,"Flower, Container Friendly",Full Sun,"Average, High",1,2,1-2 ft,N/A,N/A,7.1 - Marine West Coast Forests (Lower 48),"This plant is semi-evergreen with purple, trumpet-like, blossoms that are attractive to bees. Flowers should be deadheaded when spent to prevent seeding.",United States,,Perennial
Desert Marigold,Baileya multiradiata,"Flower, Container Friendly",Full Sun,Low,1,2,"1–2 ft, 2–3 ft",N/A,N/A,"10.2 - Warm Deserts, 12.1 - Western Sierra Madre Piedmont, 13.1 - Upper Gila Mountains","This deer and drought-resistant plant can bear 20-50 flowers per year. While a short-lived perennial, it self-seeds under favorable conditions.",United States,Spring through Fall,Short-Lived Perennial
Maryland Golden-Aster,Chrysopsis mariana,"Flower, Container Friendly","Full Sun, Partial Sun","Low, Average",1,3,"1–2 ft, 2–3 ft, 3–4 ft",N/A,N/A,"8.3 - SE USA Plains, 8.5 - Mississippi Alluvial & SE USA Coastal Plains","This plant produces showy, yellow flowers in the summer and red-brown seed heads in the fall. It is low maintenance and not affected by any spurious pests or diseases.",United States,Late Summer through Fall,Perennial
Cobweb Thistle,Cirsium occidentale,"Flower, Container Friendly","Full Sun, Partial Sun",Low,2,5,"2–3 ft, 3–4 ft, 4–5 ft, 5–7 ft",N/A,N/A,11.1 - Mediterranean California,"This striking thistle produces large rose-purple flowers and is covered in a lacey, white hair. The flowers attract numerous pollinators.",United States,"Spring, Summer, Fall, Winter",Perennial
Large Flower Tickseed,Coreopsis grandiflora,"Flower, Container Friendly",Full Sun,"Low, Average",1,3,"1–2 ft, 2–3 ft, 3–4 ft",N/A,N/A,"8.3 - SE USA Plains, 8.5 - Mississippi Alluvial & SE USA Coastal Plains, 9.6 - Tamaulipas-Texas Semi-Arid Plains",This show stopping flower is 2-3 inches across and when deadheaded provides a long blooming season. Deer resistant and relatively disease and pest-free.,United States,Late Spring through Late Summer,Perennial
Lanceleaf Coreopsis,Coreopsis lanceolata,"Flower, Container Friendly",Full Sun,Low,1,2,"1–2 ft, 2–3 ft",N/A,N/A,"8.1 - Mixed Wood Plains (USA), 8.2 - Central USA Plains, 8.3 - SE USA Plains, 8.5 - Mississippi Alluvial & SE USA Coastal Plains","Relatively free of pests and naturally resistant to deer, this attractive yellow flower draws a wide array of native pollinators. In the right conditions, this plant grows quickly and can self-seed.",United States,Late Spring through Mid Summer,Perennial
Prairie Coreopsis,Coreopsis palmata,"Flower, Container Friendly",Full Sun,"Low, Average",1,3,"1–2 ft, 2–3 ft, 3–4 ft",N/A,N/A,"8.2 - Central USA Plains, 9.2 - Temperate Prairies",This bright yellow flower attracts birds and butterflies and is ignored by deer. It is drought-resistant and tolerates poor soil.,United States,Late Spring through Mid Summer,Perennial
Purple Prairie Clover,Dalea purpurea,"Flower, Container Friendly",Full Sun,"Low, Average",1,3,"1–2 ft, 2–3 ft, 3–4 ft",N/A,N/A,"9.2 - Temperate Prairies, 9.3 - West-Central Semi-Arid Prairies, 9.4 - South Central Semi-Arid Prairies","This showy flower blooms for 4-6 weeks during the summer, after which birds feed on the seeds. This plant is deer and pest-resistant, and self-seeds under the right conditions.",United States,Summer   ,Perennial
Cutleaf Daisy,Erigeron compositus,"Flower, Groundcover, Container Friendly","Full Sun, Partial Sun",Low,1,3,"1–2 ft, 2–3 ft, 3–4 ft",N/A,N/A,"6.2 - Western Cordillera, 10.1 - Cold Deserts","Drought-tolerant with lush foliage, this plant keeps its leaves through dry periods. The showy yellow booms appear from spring to the first frost.",United States,Spring through Fall,Perennial
Grass-Leaved Goldenrod,Euthamia graminifolia,"Flower, Container Friendly",Full Sun,"Low, Average",3,6,"3–4 ft, 4–5 ft, 5–7 ft",N/A,N/A,"5.2 - Mixed Wood Shield, 5.3 - Atlantic Highlands, 8.1 - Mixed Wood Plains (USA), 8.3 - SE USA Plains, 9.2 - Temperate Prairies",This bushy plant has dense yellow flowers that support a wide variety of insect species and songbirds. This species has no serious pests or diseases. ,United States,Summer through Fall,Perennial
Blanketflower or Firewheel,Gaillardia pulchella,"Flower, Container Friendly",Full Sun,Low,1,2,"1–2 ft, 2–3 ft",N/A,N/A,"8.3 - SE USA Plains, 9.2 - Temperate Prairies, 9.3 - West-Central Semi-Arid Prairies, 9.6 - Tamaulipas-Texas Semi-Arid Plains",This showy flower has a striking red center up to 2 inches across and abundant nectar. This easy-to-grow plant has no serious pests or diseases and readily self-seeds.,United States,Spring through Fall,Short-Lived Perennial
Great Valley Gumplant,Grindelia camporum,"Flower, Shrub, Container Friendly",Full Sun,Low,2,6,"2–3 ft, 3–4 ft, 4–5 ft, 5–7 ft",N/A,N/A,11.1 - Mediterranean California,This late-season flower provides nectar and pollen to many pollinators from its yellow flowers. It is drought-tolerant and is naturally resistant to deer and pests.,United States,Late Spring through Fall,Perennial
Autumnale Sneezeweed,Helenium autumnale,"Flower, Container Friendly",Full Sun,"Average, High",3,5,"3–4 ft, 4–5 ft, 5–7 ft",N/A,N/A,"8.1 - Mixed Wood Plains (USA), 8.5 - Mississippi Alluvial & SE USA Coastal Plains, 9.2 - Temperate Prairies","This showy perennial provides a pop of color in the late summer to fall season. It is tolerant of many soil and water conditions but performs best in wet, well-draining soil.",United States,Mid-Late Summer through Fall,Perennial
Bigelow's Sneezeweed,Helenium bigelovii,"Flower, Container Friendly",Full Sun,"Average, High",2,3,"2–3 ft, 3–4 ft",N/A,N/A,11.1 - Mediterranean California,"Showy yellow flowers with a dark brown-purple center that love wet, bog-like conditions. This plant is also deer and disease-resistant.",United States,Mid-Late Summer,Perennial
Swamp Sunflower,Helianthus angustifolius,"Flower, Container Friendly","Full Sun, Partial Sun","Average, High",5,8,"5–7 ft, 7–10 ft",N/A,N/A,"8.1 - Mixed Wood Plains (USA), 8.3 - SE USA Plains, 8.5 - Mississippi Alluvial & SE USA Coastal Plains","This late-blooming sunflower is an important resource of food in the fall. This species is deer-resistant, should be grown with support, and is branching when pruned in early summer.",United States,Fall,Perennial
Common Sunflower,Helianthus annuus,"Flower, Container Friendly",Full Sun,"Low, Average",3,10,"3–4 ft, 4–5 ft, 5–7 ft, 7–10 ft, 10–15 ft",N/A,N/A,"8.2 - Central USA Plains, 9.2 - Temperate Prairies, 9.3 - West-Central Semi-Arid Prairies, 11.1 - Mediterranean California","These tall and showy flowers are easy and fun to grow, and the seeds are great for birds. Put only one plant in each pot and provide support as the plant grows. Noxious in TX, MN, and IW.",United States,Mid-Late Summer,Annual
Woodland Sunflower,Helianthus divaricatus,"Flower, Container Friendly",Partial Sun,Low,2,6,"2–3 ft, 3–4 ft, 4–5 ft, 5–7 ft",N/A,N/A,"8.1 - Mixed Wood Plains (USA), 8.2 - Central USA Plains, 8.3 - SE USA Plains, 8.4 - Ozark/Ouachita-Appalachian Forests","This sunflower produces a profusion of 2-inch-across yellow flowers that are attractive to many species. This plant is deer-resistant, relatively pest and disease-free, and can be divided every few years. ",United States,Summer through Fall,Perennial
Ashy Sunflower,Helianthus mollis,"Flower, Container Friendly",Full Sun,"Low, Average",2,4,"2–3 ft, 3–4 ft, 4–5 ft",N/A,N/A,"8.2 - Central USA Plains, 9.2 - Temperate Prairies, 9.3 - West-Central Semi-Arid Prairies","The smaller alternative to the Giant Sunflower, this plant produces 4-inch-wide flowers while only reaching a maximum height of 2-4 feet. The seeds provide food for birds in the late fall.",United States,Summer through Fall,Perennial
Nuttall's Sunflower,Helianthus nuttallii,"Flower, Container Friendly",Full Sun,"Average, High",3,8,"3–4 ft, 4–5 ft, 5–7 ft, 7–10 ft",N/A,N/A,"9.2 - Temperate Prairies, 10.1 - Cold Deserts, 11.1 - Mediterranean California, 12.1 - Western Sierra Madre Piedmont",This late-season flowering plant is an important source of nectar for migrating Monarch Butterflies in the fall and other pollinators. The seeds attract many birds and are favored by goldfinches.,United States,Fall,Perennial
Hairy False Goldenaster,Heterotheca villosa,"Flower, Groundcover, Container Friendly",Full Sun,Low,0.67,3,"< 1 ft, 1–2 ft, 2–3 ft, 3–4 ft",N/A,N/A,"6.2 - Western Cordillera, 9.3 - West-Central Semi-Arid Prairies, 10.1 - Cold Deserts, 13.1 - Upper Gila Mountains",This plant blooms 3-4 months starting in late spring. The bright yellow flowers produce a sage-like aroma and attract butterflies. It is drought-tolerant and can thrive in poor soil as long as it is well-draining. ,United States,Late Spring through Fall,Perennial
Tahoka Daisy ,Machaeranthera tanacetifolia,"Flower, Container Friendly","Full Sun, Partial Sun","Low, Average",0.5,2,"< 1 ft, 1–2 ft, 2–3 ft",N/A,N/A,"10.2 - Warm Deserts, 12.1 - Western Sierra Madre Piedmont, 13.1 - Upper Gila Mountains","This species has striking purple flowers and fern-like foliage. It has no serious pests or diseases, and is particularly attractive to butterflies.",United States,Late Summer through Fall,Annual
Common Evening Primrose,Oenothera biennis,"Flower, Container Friendly","Full Sun, Partial Sun","Low, Average",3,5,"3–4 ft, 4–5 ft, 5–7 ft",N/A,N/A," 5.2 - Mixed Wood Shield, 5.3 - Atlantic Highlands, 8.1 - Mixed Wood Plains (USA), 8.1 - Mixed Wood Plains (Canada), 8.2 - Central USA Plains, 8.3 - SE USA Plains, 8.4 - Ozark/Ouachita-Appalachian Forests, 8.5 - Mississippi Alluvial & SE USA Coastal Plains, 9.2 - Temperate Prairies","This fragrant flower produces a profusion of yellow flowers that open in the evening and close in the morning. This species blooms in its second year, and the whole plant is edible.","United States, Canada",Summer through Fall,Perennial
Lacy Phacelia or Fiddleneck,Phacelia tanacetifolia,"Flower, Container Friendly",Full Sun,Low,1,4,"1–2 ft, 2–3 ft, 3–4 ft, 4–5 ft",N/A,N/A,11.1 - Mediterranean California,"This unique flower is a favorite of bees and can bloom for 5 months. This species is deer-resistant, relatively pest and disease-free, and self-seeds. The stem bristles can be mildly irritating. ",United States,Late Spring through Fall,Annual
Mexican Hat Plant,Ratibida columnifera,"Flower, Container Friendly",Full Sun,Low,1,3,"1–2 ft, 2–3 ft, 3–4 ft",N/A,N/A,"9.3 - West-Central Semi-Arid Prairies, 9.4 - South Central Semi-Arid Prairies, 9.5 - Texas-Lousiana Coastal Plains, 9.6 - Tamaulipas-Texas Semi-Arid Plains, 12.1 - Western Sierra Madre Piedmont, 13.1 - Upper Gila Mountains",This long-blooming plant offers consistent pollen as well as seeds for birds well into the fall. It is relatively disease and pest-free.,United States,Late Spring through Fall,Perennial
Orange Coneflower,Rudbeckia fulgida,"Flower, Container Friendly","Full Sun, Partial Sun",Average,2,4,"2–3 ft, 3–4 ft, 4–5 ft",N/A,N/A,"8.1 - Mixed Wood Plains (USA), 8.2 - Central USA Plains, 8.3 - SE USA Plains, 8.4 - Ozark/Ouachita-Appalachian Forests","This bright flower blooms profusely in full sun but can tolerate some shade. It is low maintenance, highly disease-tolerant, deer-resistant, and attractive to butterflies.",United States,Mid Summer through Fall,Perennial
Black-Eyed Susan,Rudbeckia hirta,"Flower, Container Friendly",Full Sun,"Low, Average",2,3,"2–3 ft, 3–4 ft",N/A,N/A,"5.2 - Mixed Wood Shield, 5.3 - Atlantic Highlands, 8.1 - Mixed Wood Plains (USA), 8.1 - Mixed Wood Plains (Canada),  8.2 - Central USA Plains, 8.3 - SE USA Plains, 8.4 - Ozark/Ouachita-Appalachian Forests, 8.5 - Mississippi Alluvial & SE USA Coastal Plains, 9.2 - Temperate Prairies, 15.4 - Everglades","This short-lived perennial, with 3-inch blooms, self-seeds and can tolerate a wide range of growing conditions. It has no serious pests or diseases and is deer-resistant.","United States, Canada",Summer through Fall,Short-Lived Perennial
Cutleaf Coneflower,Rudbeckia laciniata,"Flower, Container Friendly","Full Sun, Partial Sun","Average, High",3,9,"3–4 ft, 4–5 ft, 5–7 ft, 7–10 ft",N/A,N/A,"5.2 - Mixed Wood Shield, 5.3 - Atlantic Highlands, 8.1 - Mixed Wood Plains (USA), 8.2 - Central USA Plains, 9.2 - Temperate Prairies, 13.1 - Upper Gila Mountains","This 3-4 inch flower grows will in a large pot with support, and its attractive seedheads extend the season of interest into the winter. It has no serious pests or diseases and is deer-resistant.",United States,Mid Summer through Fall,Perennial
Brown-Eyed Susan,Rudbeckia triloba,"Flower, Container Friendly",Full Sun,Average,3,4,"3–4 ft, 4–5 ft",N/A,N/A,"8.1 - Mixed Wood Plains (USA), 8.2 - Central USA Plains, 8.3 - SE USA Plains, 8.4 - Ozark/Ouachita-Appalachian Forests, 8.5 - Mississippi Alluvial & SE USA Coastal Plains",This low-maintenance plant is disease and deer-resistant. Flowers are long lasting and are excellent cut flowers. Deadheading can be used to promote longer blooming and reduce self-seeding.,United States,Mid-Late Summer through Fall,Perennial
White Goldenrod,Solidago bicolor,"Flower, Container Friendly","Full Sun, Partial Sun","Low, Average",1,3,"1–2 ft, 2–3 ft, 3–4 ft",N/A,N/A,"8.1 - Mixed Wood Plains (USA), 8.3 - SE USA Plains, 8.4 - Ozark/Ouachita-Appalachian Forests","This plant is attractive to pollinators and birds while being resistant to deer. Once established, this plant is drought-tolerant. Deadheading should be used to avoid self-seeding.",United States,Mid-Late Summer through Fall,Perennial
Wreath Goldenrod,Solidago caesia,"Flower, Container Friendly","Full Sun, Partial Sun","Low, Average",1,3,"1–2 ft, 2–3 ft, 3–4 ft",N/A,N/A,"8.1 - Mixed Wood Plains (USA), 8.3 - SE USA Plains, 8.4 - Ozark/Ouachita-Appalachian Forests, 8.5 - Mississippi Alluvial & SE USA Coastal Plains",This plant bears a profusion of flowers in late summer that are highly attractive to a variety of species. This less-aggressive goldenrod is deer-resistant with no serious pests or diseases.,United States,Late Summer through Fall,Perennial
Old Field Goldenrod,Solidago nemoralis,"Flower, Container Friendly",Full Sun,"Low, Average",1,2,"1–2 ft, 2–3 ft",N/A,N/A,"5.2 - Mixed Wood Shield, 5.3 - Atlantic Highlands, 8.1 - Mixed Wood Plains (USA), 8.2 - Central USA Plains, 8.3 - SE USA Plains, 8.4 - Ozark/Ouachita-Appalachian Forests, 9.2 - Temperate Prairies","This plant is a less-aggressive, shorter alternative to tall goldenrod. Its showy, yellow flowers are attractive to birds and pollinators and provides a splash of color to late season. It can tolerate poor, dry soil. ",United States,Summer through Fall,Perennial
Wrinkleleaf Goldenrod,Solidago rugosa,"Flower, Container Friendly",Full Sun,"Average, High",3,5,"3–4 ft, 4–5 ft, 5–7 ft",N/A,N/A,"5.3 - Atlantic Highlands, 8.1 - Mixed Wood Plains (USA), 8.3 - SE USA Plains, 8.4 - Ozark/Ouachita-Appalachian Forests",This compact goldenrod has arching sprays of bright yellow flowers that support over 100 species of insects. This species is deer-resistant with no serious pests or diseases.,United States,Late Summer through Fall,Perennial
Stiff Goldenrod,Solidago rigida,"Flower, Container Friendly",Full Sun,"Low, Average",3,5,"3–4 ft, 4–5 ft, 5–7 ft",N/A,N/A,"9.2 - Temperate Prairies, 9.3 - West-Central Semi-Arid Prairies","A beautiful late-season bloom that produces thick clusters of yellow flowers. It is attractive to pollinators and seed birds. It is deer-resistant and thrives in poor, dry soil.",United States,Late Summer through Fall,Perennial
Desert or Globe Mallow,Sphaeralcea ambigua,"Flower, Container Friendly",Full Sun,Low,2,4,"2–3 ft, 3–4 ft, 4–5 ft",N/A,N/A,"9.3 - West-Central Semi-Arid Prairies, 10.2 - Warm Deserts, 12.1 - Western Sierra Madre Piedmont","This bushy plant has striking flowers that are typically orange, but other varieties are available. Disease and drought-resistant. Cut back the plant after it flowers to get more blooms.",United States,Spring through Fall,Perennial
Blue Wood Aster,Symphyotrichum cordifolium,"Flower, Container Friendly","Full Sun, Partial Sun","Low, Average",2,5,"2–3 ft, 3–4 ft, 4–5 ft, 5–7 ft",N/A,N/A,"8.1 - Mixed Wood Plains (USA), 8.3 - SE USA Plains, 8.4 - Ozark/Ouachita-Appalachian Forests","This densely flowering plant is a stunning late-season choice, providing nectar to butterflies and visual interest. This species is generally pest-free and deer-resistant.",United States,Late Summer through Fall,Perennial
White Heath Aster,Symphyotrichum ericoides,"Flower, Container Friendly","Full Sun, Partial Sun","Low, Average",1,3,"1–2 ft, 2–3 ft, 3–4 ft",N/A,N/A,"9.2 - Temperate Prairies, 9.3 - West-Central Semi-Arid Prairies, 9.4 - South Central Semi-Arid Prairies, 13.1 - Upper Gila Mountains",This densely-blooming and compact plant resembles a spreading Juniper shrub when not in bloom. This low maintenance species does not have any serious pests or diseases.,United States,Late Summer through Fall,Perennial
Smoother Aster,Symphyotrichum laeve,"Flower, Container Friendly",Full Sun,"Low, Average",2,4,"2–3 ft, 3–4 ft, 4–5 ft",N/A,N/A,"8.2 - Central USA Plains, 8.4 - Ozark/Ouachita-Appalachian Forests, 9.2 - Temperate Prairies, 9.3 - West-Central Semi-Arid Prairies",These small and densely-blooming blooming flowers are a striking blue to purple color with a golden-yellow center. This species has no serious pests or diseases.,United States,Late Summer through Fall,Perennial
Calico Aster,Symphyotrichum lateriflorum,"Flower, Container Friendly","Full Sun, Partial Sun",Average,1,2,"1–2 ft, 2–3 ft",N/A,N/A,"5.2 - Mixed Wood Shield, 5.3 - Atlantic Highlands, 8.1 - Mixed Wood Plains (USA), 8.2 - Central USA Plains, 8.3 - SE USA Plains, 8.4 - Ozark/Ouachita-Appalachian Forests",This plant produces unique white flowers with berry-like centers late summer through fall. It is a great source of nectar to butterflies and bees. Susceptible to powdery mildew.,United States,Late Summer through Fall,Perennial
New England Aster,Symphyotrichum novae-angliae,"Flower, Container Friendly","Full Sun, Partial Sun",Average,4,6,"4–5 ft, 5–7 ft",N/A,N/A,"8.1 - Mixed Wood Plains (USA), 8.2 - Central USA Plains, 8.4 - Ozark/Ouachita-Appalachian Forests, 9.2 - Temperate Prairies",This easy-to-grow plant produces daisy-like flowers with a yellow or red center that attracts pollinators. Do not worry if flowers close at night or in cloudy weather; they will perk up once the sun returns. Resistant to deer and rabbits.,United States,Late Summer through Fall,Perennial
Aromatic Aster,Symphyotrichum oblongifolium,"Flower, Container Friendly",Full Sun,"Low, Average",1,2,"1–2 ft, 2–3 ft",N/A,N/A,"8.2 - Central USA Plains, 8.4 - Ozark/Ouachita-Appalachian Forests, 9.2 - Temperate Prairies","Colorful and aromatic, this plant produces many blue-purple flower, and the foliage emits a pleasant scent when crushed. It attracts birds and butterflies while being unattractive to deer and rabbits.",United States,Late Summer through Fall,Perennial
Prairie Ironweed,Vernonia fasciculata,"Flower, Container Friendly",Full Sun,"Average, High",2,6,"2–3 ft, 3–4 ft, 4–5 ft, 5–7 ft",N/A,N/A,9.2 - Temperate Prairies,"This flower adds a pop of purple color and will rebloom with deadheading. Although it sometimes may need support, this species is deer-resistant and is typically unaffected by serious diseases or pests.",United States,Mid Summer through Fall,Perennial
Silvery Lupine,Lupinus argenteus,"Flower, Container Friendly",Full Sun,Low,1,3,"1–2 ft, 2–3 ft, 3–4 ft",N/A,N/A,"6.2 - Western Cordillera, 10.1 - Cold Deserts, 13.1 - Upper Gila Mountains, 12.1 - Western Sierra Madre Piedmont",This species has stunning silvery-green leaves with spikes of blue to violet flowers. They are particularly attractive to hummingbirds and butterflies. Plant in a deep pot due to long roots.,United States,Summer,Perennial
Coast Phacelia,Phacelia californica,"Flower, Container Friendly","Full Sun, Partial Sun",Low,0.5,2,"< 1 ft, 1–2 ft, 2–3 ft",N/A,N/A,7.1 - Marine West Coast Forests (Lower 48),This unique purple flower is a valuable food source for the endangered Mission blue butterfly as well as many other beneficial insects. The flowers persist even in periods of drought.,United States,Spring through Summer,Perennial
Western Coneflower,Rudbeckia occidentalis,"Flower, Container Friendly",Full Sun,Average,3,4,"3–4 ft, 4–5 ft",N/A,N/A,"6.2 - Western Cordillera, 7.1 - Marine West Coast Forests (Lower 48), 10.1 - Cold Deserts","This unique flower has a large central cone with abundant pollen and nectar. Deadheading promotes further blooms, and this species is deer-resistant with no serious pests or diseases.",United States,Summer through Fall,Perennial
Pacific Aster,Symphyotrichum chilense,"Flower, Container Friendly","Full Sun, Partial Sun",Low,1,4,"1–2 ft, 2–3 ft, 3–4 ft, 4–5 ft",N/A,N/A,"7.1 - Marine West Coast Forests (Lower 48), 11.1 - Mediterranean California",This species boasts a profusion of star-shaped flowers that provide a late-season food source for a variety of pollinators. Cut back in early spring to encourage bushiness. No serious pests or diseases and deer-resistant. ,United States,Mid Summer through Fall,Perennial
Fleabane Daisy,Erigeron speciosus ,"Flower, Container Friendly",Full Sun,Average,1,2,"1–2 ft, 2–3 ft",N/A,N/A,"6.2 - Western Cordillera, 10.1 - Cold Deserts, 12.1 - Western Sierra Madre Piedmont, 13.1 - Upper Gila Mountains",This long-blooming and virtually disease-free flower provides resources to pollinators for months. Cut it back to encourage more flowers and growth.,United States,Summer through Fall,Perennial
Tickseed,Coreopsis tinctoria,"Flower, Container Friendly",Full Sun,Low,2,4,"2–3 ft, 3–4 ft, 4–5 ft",N/A,N/A,"9.4 - South Central Semi-Arid Prairies,  9.5 - Texas-Lousiana Coastal Plains, 9.6 - Tamaulipas-Texas Semi-Arid Plains","This playful prairie species is a favorite of butterflies with striking flowers up to 2 inches across. It is easy-to-grow, can self-seed, is ignored by deer, and is relatively pest and disease-free.",United States,Summer through Fall,Annual
Purple Mountain Saxifrage,Saxifraga oppositifolia,"Flower, Groundcover, Container Friendly",Partial Sun,"Low, Average",0.08,0.17,< 1 ft,N/A,N/A,"2.2 - Alaska Tundra, 2.3 - Brooks Range Tundra, 3.1 - Alaska Boreal Interior, 3.2 - Taiga Cordillera, 6.1 - Boreal Cordillera, 6.2 - Western Cordillera, 7.1 - Marine West Coast Forests (Alaska),","A beautiful, low-growing perennial that, when flowering, produces fuchsia flowers with orange anthers. The foliage is evergreen and forms a mat of dark green leaves, making it perfect for pots and containers.",United States,"Spring, Summer, Fall, Winter",Perennial
White Yarrow,Achillea millefolium,"Flower, Groundcover, Container Friendly","Full Sun, Partial Sun",Low,2,3,"2–3 ft, 3–4 ft",N/A,N/A,"2.2 - Alaska Tundra, 2.3 - Brooks Range Tundra, 3.1 - Alaska Boreal Interior, 3.2 - Taiga Cordillera, 5.2 - Mixed Wood Shield, 5.3 - Atlantic Highlands, 6.1 - Boreal Cordillera, 6.2 - Western Cordillera, 7.1 - Marine West Coast Forests (Alaska), 7.1 Marine West Coast (48), 8.1 - Mixed Wood Plains (USA), 8.2 - Central USA Plains, 8.3 - SE USA Plains, 8.4 - Ozark/Ouachita-Appalachian Forests, 9.2 - Temperate Prairies, 9.3 - West-Central Semi-Arid Prairies, 11.1 - Mediterranean California, 10.1 - Cold Deserts, 10.2 - Warm Deserts, 12.1 - Western Sierra Madre Piedmont, 13.1 - Upper Gila Mountains","This pleasantly aromatic plant produces flat clusters of white flowers that butterflies love! Cutting back can promote re-flowering. It is deer and rabbit-resistant, but is toxic to dogs, cats and horses when ingested.","United States, Canada",Summer,Perennial
Fireweed,Chamaenerion angustifolium,"Flower, Container Friendly","Full Sun, Partial Sun",Average,2,5,"2–3 ft, 3–4 ft, 4–5 ft, 5–7 ft",N/A,N/A,"2.2 - Alaska Tundra, 3.1 - Alaska Boreal Interior, 3.2 - Taiga Cordillera, 2.3 - Brooks Range Tundra, 5.2 - Mixed Wood Shield, 5.3 - Atlantic Highlands, 6.1 - Boreal Cordillera, 6.2 - Western Cordillera, 7.1 - Marine West Coast Forests (Alaska), 7.1 - Marine West Coast Forests (Lower 48),  8.1 - Mixed Wood Plains (USA), 10.1 - Cold Deserts, 13.1 - Upper Gila Mountains",A stunning plant with vibrant purple-pink flowers that attracts pollinators. Virtually pest and disease-free. Spent flowerheads should be trimmed to prevent seeding.,"United States, Canada",Summer,Perennial
Shrubby Cinquefoil,Dasiphora fruticosa,"Flower, Shrub, Container Friendly","Full Sun, Partial Sun",Average,2,4,"2–3 ft, 3–4 ft, 4–5 ft",N/A,N/A,"2.2 - Alaska Tundra, 6.1 - Boreal Cordillera, 3.1 - Alaska Boreal Interior, 3.2 - Taiga Cordillera, 2.3 - Brooks Range Tundra, 5.2 - Mixed Wood Shield, 7.1 - Marine West Coast Forests (Alaska), 8.1 - Mixed Wood Plains (USA), 6.2 - Western Cordillera, 10.1 - Cold Deserts, 13.1 - Upper Gila Mountains","This compact, long-blooming shrub produces masses of bright yellow flowers. It’s pest-free, deer-resistant, and adaptable to a wide range of well-draining soils. Trim old stems to encourage fresh growth.","United States, Canada",Spring through Fall,Perennial 
Coastal Wallflower,Erysimum capitatum,"Flower, Container Friendly","Full Sun, Partial Sun","Low, Average",1,2,"1–2 ft, 2–3 ft",N/A,N/A,"2.2 - Alaska Tundra, 6.1 - Boreal Cordillera, 3.1 - Alaska Boreal Interior, 3.2 - Taiga Cordillera, 2.3 - Brooks Range Tundra, 7.1 - Marine West Coast Forests (Alaska), 7.1 - Marine West Coast Forests (Lower 48), 6.2 - Western Cordillera, 11.1 - Mediterranean California, 10.2 - Warm Deserts, 10.1 - Cold Deserts, 12.1 - Western Sierra Madre Piedmont, 13.1 - Upper Gila Mountains","This perennial produces yellow-orange flowers that are attractive to pollinators. Once established, Coastal Wallflower is drought tolerant.","United States, Canada",Late Spring through Early-Mid Summer,"Annual, Perennial"
Alpine Forget-Me-Not,Myosotis asiatica,"Flower, Container Friendly",Full Sun,Average,1,2,"1–2 ft, 2–3 ft",N/A,N/A,"2.2 - Alaska Tundra, 6.1 - Boreal Cordillera, 3.1 - Alaska Boreal Interior, 3.2 - Taiga Cordillera, 2.3 - Brooks Range Tundra, 7.1 - Marine West Coast Forests (Alaska)","Compact and easy-to-care for, this compact, showy perennial blooms each summer with clusters of small blue flowers. It is resistant to most pests.",United States,Summer,Perennial
Canadian Columbine,Aquilegia canadensis,"Flower, Container Friendly","Full Sun, Partial Sun","Low, Average",2,3,"2–3 ft, 3–4 ft",N/A,N/A,"5.2 - Mixed Wood Shield, 5.3 - Atlantic Highlands, 8.1 - Mixed Wood Plains (USA), 8.2 - Central USA Plains, 8.4 - Ozark/Ouachita-Appalachian Forests","These beautiful red flowers are perfect for attracting hummingbirds and butterflies. They do best in well draining soil, and are ignored by deer and rabbits.","United States, Canada",Late Spring through Early Summer,Perennial
First Snow Heath Aster,Symphyotrichum ericoides,"Flower, Container Friendly",Full Sun,"Low, Average",1,2,"1–2 ft, 2–3 ft",N/A,N/A,"8.1 - Mixed Wood Plains (USA), 9.2 - Temperate Prairies, 9.3 - West-Central Semi-Arid Prairies, 9.4 - South Central Semi-Arid Prairies, 13.1 - Upper Gila Mountains","This beautiful, low-lying plant produces a spray of small white flowers and loves to drape over the sides of containers. It is low-maintenance and resistant to mildew and many pests.","United States, Canada",Late Summer through Fall,Perennial
Crooked Aster,Symphyotrichum prenanthoides,"Flower, Container Friendly","Full Sun, Partial Sun",Average,1,4,"1–2 ft, 2–3 ft, 3–4 ft, 4–5 ft",N/A,N/A,5.3 - Atlantic Highlands,"This perennial produces many small lavender flowers in late summer through the fall, attracting many pollinators. The foliage is also a food source to native caterpillars.",United States,Late Summer through Fall,Perennial
Aromatic Aster,Symphyotrichum oblongifolium,"Flower, Container Friendly",Full Sun,"Low, Average",1,2,"1–2 ft, 2–3 ft",N/A,N/A,"9.2 - Temperate Prairies, 9.3 - West-Central Semi-Arid Prairies, 9.4 - South Central Semi-Arid Prairies","Colorful and aromatic, this plant produces many blue-purple flower, and the foliage emits a pleasant scent when crushed. It attracts birds and butterflies while being unattractive to deer and rabbits.",United States,Late Summer through Fall,Perennial
Smooth Aster,Symphyotrichum laeve,"Flower, Container Friendly",Full Sun,"Low, Average",2,4,"2–3 ft, 3–4 ft, 4–5 ft",N/A,N/A,"5.3 - Atlantic Highlands, 8.1 - Mixed Wood Plains (USA), 8.2 - Central USA Plains, 9.2 - Temperate Prairies, 9.3 - West-Central Semi-Arid Prairies",These small and densely-blooming blooming flowers are a striking blue to purple color with a golden-yellow center. This species has no serious pests or diseases.,"United States, Canada",Late Summer through Fall,Perennial
Ten-Petaled Sunflower,Helianthus decapetalus,"Flower, Container Friendly",Partial Sun,Average,3,5,"3–4 ft, 4–5 ft, 5–7 ft",N/A,N/A,"5.3 - Atlantic Highlands, 8.1 - Mixed Wood Plains (USA), 8.2 - Central USA Plains","A smaller alternative to the giant sunflower, this plant is attractive to many pollinators and the seeds are enjoyed by animals in the fall. Trimming in the spring can promote a bushier plant with fuller bloom.","United States, Canada",Late Summer through Fall,Perennial
Woodland Sunflower,Helianthus strumosus,"Flower, Container Friendly","Full Sun, Partial Sun",Low,3,5,"3–4 ft, 4–5 ft, 5–7 ft",N/A,N/A,"5.3 - Atlantic Highlands, 5.2 - Mixed Wood Shield, 8.1 - Mixed Wood Plains (USA), 8.2 - Central USA Plains, 8.3 - SE USA Plains, 8.4 - Ozark/Ouachita-Appalachian Forests, 8.5 - Mississippi Alluvial & SE USA Coastal Plains",This flower is perfect for adding some late season color. Its bright yellow blooms produce seeds in the fall that are popular with many seed-eating birds.,"United States, Canada",Mid-Late Summer through Fall,Perennial
Spotted Joe-Pye Weed,Eutrochium maculatum,"Flower, Container Friendly","Full Sun, Partial Sun",Average,5,6,5–7 ft,N/A,N/A,"5.2 - Mixed Wood Shield, 5.3 - Atlantic Highlands, 8.1 - Mixed Wood Plains (USA), 8.2 - Central USA Plains, 9.2 - Temperate Prairies, 13.1 - Upper Gila Mountains,",This plant produces beautiful purple clusters of flowers that are fragrant and loved by pollinators. The seeds heads remain through winter and provide an attractive food source for birds.,"United States, Canada",Mid-Late Summer through Fall,Perennial
Late Boneset,Eupatorium serotinum,"Flower, Container Friendly","Full Sun, Partial Sun",Average,3,6,"3–4 ft, 4–5 ft, 5–7 ft",N/A,N/A,"8.2 - Central USA Plains, 8.3 - SE USA Plains, 8.4 - Ozark/Ouachita-Appalachian Forests, 8.5 - Mississippi Alluvial & SE USA Coastal Plains, 9.5 - Texas-Lousiana Coastal Plains, 9.6 - Tamaulipas-Texas Semi-Arid Plains, 15.4 - Everglades",Late Bonest's white flowers are a great source of food for pollinators late in the season. This plant has no serious insect or disease problems and is deer-resistant. Deadhead to prevent seed-spreading.,United States,Fall,Perennial
Scarlet Strawberry,Fragaria virginiana,"Groundcover, Flower, Container Friendly","Full Sun, Partial Sun",Average,0.33,0.58,< 1 ft,N/A,N/A,"2.2 - Alaska Tundra, 2.3 - Brooks Range Tundra, 3.1 - Alaska Boreal Interior, 3.2 - Taiga Cordillera, 5.2 - Mixed Wood Shield, 5.3 - Atlantic Highlands, 6.1 - Boreal Cordillera, 6.2 - Western Cordillera, 7.1 - Marine West Coast Forests (Lower 48), 7.1 - Marine West Coast Forests (Alaska), 8.1 - Mixed Wood Plains (USA), 8.2 - Central USA Plains, 8.3 - SE USA Plains, 8.4 - Ozark/Ouachita-Appalachian Forests, 9.2 - Temperate Prairies, , 10.1 - Cold Deserts, 12.1 - Western Sierra Madre Piedmont, 13.1 - Upper Gila Mountains",This plant produces small white flowers that give way to edible red fruits. Propagation is possible through trimming and transplanting runners. It is susceptible to some foliage diseases and mildew.,"United States, Canada",Late Spring through Early Summer,Perennial